good,mean,bad,state_abb,date
366,366,366,WA,2020-01-21
366,366,366,WA,2020-01-22
366,366,366,WA,2020-01-23
366,366,366,IL,2020-01-24
366,366,366,WA,2020-01-24
366,366,366,CA,2020-01-25
366,366,366,IL,2020-01-25
366,366,366,WA,2020-01-25
366,366,366,AZ,2020-01-26
366,366,366,CA,2020-01-26
366,366,366,IL,2020-01-26
366,366,366,WA,2020-01-26
366,366,366,AZ,2020-01-27
366,366,366,CA,2020-01-27
366,366,366,IL,2020-01-27
366,366,366,WA,2020-01-27
366,366,366,AZ,2020-01-28
366,366,366,CA,2020-01-28
366,366,366,IL,2020-01-28
366,366,366,WA,2020-01-28
366,366,366,AZ,2020-01-29
366,366,366,CA,2020-01-29
366,366,366,IL,2020-01-29
366,366,366,WA,2020-01-29
366,366,366,AZ,2020-01-30
366,366,366,CA,2020-01-30
366,366,366,IL,2020-01-30
366,366,366,WA,2020-01-30
366,366,366,AZ,2020-01-31
366,366,366,CA,2020-01-31
366,366,366,IL,2020-01-31
366,366,366,WA,2020-01-31
366,366,366,AZ,2020-02-01
366,366,366,CA,2020-02-01
366,366,366,IL,2020-02-01
366,366,366,MA,2020-02-01
366,366,366,WA,2020-02-01
366,366,366,AZ,2020-02-02
366,366,366,CA,2020-02-02
366,366,366,IL,2020-02-02
366,366,366,MA,2020-02-02
366,366,366,WA,2020-02-02
366,366,366,AZ,2020-02-03
366,366,366,CA,2020-02-03
366,366,366,IL,2020-02-03
366,366,366,MA,2020-02-03
366,366,366,WA,2020-02-03
366,366,366,AZ,2020-02-04
366,366,366,CA,2020-02-04
366,366,366,IL,2020-02-04
366,366,366,MA,2020-02-04
366,366,366,WA,2020-02-04
366,366,366,AZ,2020-02-05
366,366,366,CA,2020-02-05
366,366,366,IL,2020-02-05
366,366,366,MA,2020-02-05
366,366,366,WA,2020-02-05
366,366,366,WI,2020-02-05
366,366,366,AZ,2020-02-06
366,366,366,CA,2020-02-06
366,366,366,IL,2020-02-06
366,366,366,MA,2020-02-06
366,366,366,WA,2020-02-06
366,366,366,WI,2020-02-06
366,366,366,AZ,2020-02-07
366,366,366,CA,2020-02-07
366,366,366,IL,2020-02-07
366,366,366,MA,2020-02-07
366,366,366,WA,2020-02-07
366,366,366,WI,2020-02-07
366,366,366,AZ,2020-02-08
366,366,366,CA,2020-02-08
366,366,366,IL,2020-02-08
366,366,366,MA,2020-02-08
366,366,366,WA,2020-02-08
366,366,366,WI,2020-02-08
366,366,366,AZ,2020-02-09
366,366,366,CA,2020-02-09
366,366,366,IL,2020-02-09
366,366,366,MA,2020-02-09
366,366,366,WA,2020-02-09
366,366,366,WI,2020-02-09
366,366,366,AZ,2020-02-10
366,366,366,CA,2020-02-10
366,366,366,IL,2020-02-10
366,366,366,MA,2020-02-10
366,366,366,WA,2020-02-10
366,366,366,WI,2020-02-10
366,366,366,AZ,2020-02-11
366,366,366,CA,2020-02-11
366,366,366,IL,2020-02-11
366,366,366,MA,2020-02-11
366,366,366,WA,2020-02-11
366,366,366,WI,2020-02-11
366,366,366,AZ,2020-02-12
366,366,366,CA,2020-02-12
366,366,366,IL,2020-02-12
366,366,366,MA,2020-02-12
366,366,366,TX,2020-02-12
366,366,366,WA,2020-02-12
366,366,366,WI,2020-02-12
366,366,366,AZ,2020-02-13
366,366,366,CA,2020-02-13
366,366,366,IL,2020-02-13
366,366,366,MA,2020-02-13
366,366,366,TX,2020-02-13
366,366,366,WA,2020-02-13
366,366,366,WI,2020-02-13
366,366,366,AZ,2020-02-14
366,366,366,CA,2020-02-14
366,366,366,IL,2020-02-14
366,366,366,MA,2020-02-14
366,366,366,TX,2020-02-14
366,366,366,WA,2020-02-14
366,366,366,WI,2020-02-14
366,366,366,AZ,2020-02-15
366,366,366,CA,2020-02-15
366,366,366,IL,2020-02-15
366,366,366,MA,2020-02-15
366,366,366,TX,2020-02-15
366,366,366,WA,2020-02-15
366,366,366,WI,2020-02-15
366,366,366,AZ,2020-02-16
366,366,366,CA,2020-02-16
366,366,366,IL,2020-02-16
366,366,366,MA,2020-02-16
366,366,366,TX,2020-02-16
366,366,366,WA,2020-02-16
366,366,366,WI,2020-02-16
366,366,366,AZ,2020-02-17
366,366,366,CA,2020-02-17
366,366,366,IL,2020-02-17
366,366,366,MA,2020-02-17
366,366,366,NE,2020-02-17
366,366,366,TX,2020-02-17
366,366,366,WA,2020-02-17
366,366,366,WI,2020-02-17
366,366,366,AZ,2020-02-18
366,366,366,CA,2020-02-18
366,366,366,IL,2020-02-18
366,366,366,MA,2020-02-18
366,366,366,NE,2020-02-18
366,366,366,TX,2020-02-18
366,366,366,WA,2020-02-18
366,366,366,WI,2020-02-18
366,366,366,AZ,2020-02-19
366,366,366,CA,2020-02-19
366,366,366,IL,2020-02-19
366,366,366,MA,2020-02-19
366,366,366,NE,2020-02-19
366,366,366,TX,2020-02-19
366,366,366,WA,2020-02-19
366,366,366,WI,2020-02-19
366,366,366,AZ,2020-02-20
366,366,366,CA,2020-02-20
366,366,366,IL,2020-02-20
366,366,366,MA,2020-02-20
366,366,366,NE,2020-02-20
366,366,366,TX,2020-02-20
366,366,366,WA,2020-02-20
366,366,366,WI,2020-02-20
366,366,366,AZ,2020-02-21
366,366,366,CA,2020-02-21
366,366,366,IL,2020-02-21
366,366,366,MA,2020-02-21
366,366,366,NE,2020-02-21
366,366,366,TX,2020-02-21
366,366,366,WA,2020-02-21
366,366,366,WI,2020-02-21
366,366,366,AZ,2020-02-22
366,366,366,CA,2020-02-22
366,366,366,IL,2020-02-22
366,366,366,MA,2020-02-22
366,366,366,NE,2020-02-22
366,366,366,TX,2020-02-22
366,366,366,WA,2020-02-22
366,366,366,WI,2020-02-22
366,366,366,AZ,2020-02-23
366,366,366,CA,2020-02-23
366,366,366,IL,2020-02-23
366,366,366,MA,2020-02-23
366,366,366,NE,2020-02-23
366,366,366,TX,2020-02-23
366,366,366,WA,2020-02-23
366,366,366,WI,2020-02-23
366,366,366,AZ,2020-02-24
366,366,366,CA,2020-02-24
366,366,366,IL,2020-02-24
366,366,366,MA,2020-02-24
366,366,366,NE,2020-02-24
366,366,366,TX,2020-02-24
366,366,366,WA,2020-02-24
366,366,366,WI,2020-02-24
366,366,366,AZ,2020-02-25
366,366,366,CA,2020-02-25
366,366,366,IL,2020-02-25
366,366,366,MA,2020-02-25
366,366,366,NE,2020-02-25
366,366,366,TX,2020-02-25
366,366,366,UT,2020-02-25
366,366,366,WA,2020-02-25
366,366,366,WI,2020-02-25
366,366,366,AZ,2020-02-26
366,366,366,CA,2020-02-26
366,366,366,IL,2020-02-26
366,366,366,MA,2020-02-26
366,366,366,NE,2020-02-26
366,366,366,TX,2020-02-26
366,366,366,UT,2020-02-26
366,366,366,WA,2020-02-26
366,366,366,WI,2020-02-26
366,366,366,AZ,2020-02-27
366,366,366,CA,2020-02-27
366,366,366,IL,2020-02-27
366,366,366,MA,2020-02-27
366,366,366,NE,2020-02-27
366,366,366,TX,2020-02-27
366,366,366,UT,2020-02-27
366,366,366,WA,2020-02-27
366,366,366,WI,2020-02-27
366,366,366,AZ,2020-02-28
366,366,366,CA,2020-02-28
366,366,366,IL,2020-02-28
366,366,366,MA,2020-02-28
366,366,366,NE,2020-02-28
366,366,366,OR,2020-02-28
366,366,366,TX,2020-02-28
366,366,366,UT,2020-02-28
366,366,366,WA,2020-02-28
366,366,366,WI,2020-02-28
366,366,366,AZ,2020-02-29
366,366,366,CA,2020-02-29
366,366,366,IL,2020-02-29
366,366,366,MA,2020-02-29
366,366,366,NE,2020-02-29
366,366,366,OR,2020-02-29
366,366,366,TX,2020-02-29
366,366,366,UT,2020-02-29
366,366,366,WA,2020-02-29
366,366,366,WI,2020-02-29
366,366,366,AZ,2020-03-01
366,366,366,CA,2020-03-01
366,366,366,FL,2020-03-01
366,366,366,IL,2020-03-01
366,366,366,MA,2020-03-01
366,366,366,NE,2020-03-01
366,366,366,NY,2020-03-01
366,366,366,OR,2020-03-01
366,366,366,RI,2020-03-01
366,366,366,TX,2020-03-01
366,366,366,UT,2020-03-01
366,366,366,WA,2020-03-01
366,366,366,WI,2020-03-01
366,366,366,AZ,2020-03-02
366,366,366,CA,2020-03-02
366,366,366,FL,2020-03-02
366,366,366,GA,2020-03-02
366,366,366,IL,2020-03-02
366,366,366,MA,2020-03-02
366,366,366,NE,2020-03-02
366,366,366,NH,2020-03-02
366,366,366,NY,2020-03-02
366,366,366,OR,2020-03-02
366,366,366,RI,2020-03-02
366,366,366,TX,2020-03-02
366,366,366,UT,2020-03-02
366,366,366,WA,2020-03-02
366,366,366,WI,2020-03-02
366,366,366,AZ,2020-03-03
366,366,366,CA,2020-03-03
366,366,366,FL,2020-03-03
366,366,366,GA,2020-03-03
366,366,366,IL,2020-03-03
366,366,366,MA,2020-03-03
366,366,366,NE,2020-03-03
366,366,366,NH,2020-03-03
366,366,366,NY,2020-03-03
366,366,366,NC,2020-03-03
366,366,366,OR,2020-03-03
366,366,366,RI,2020-03-03
366,366,366,TX,2020-03-03
366,366,366,UT,2020-03-03
366,366,366,WA,2020-03-03
366,366,366,WI,2020-03-03
366,366,366,AZ,2020-03-04
366,366,366,CA,2020-03-04
366,366,366,FL,2020-03-04
366,366,366,GA,2020-03-04
366,366,366,IL,2020-03-04
366,366,366,MA,2020-03-04
366,366,366,NE,2020-03-04
366,366,366,NH,2020-03-04
366,366,366,NJ,2020-03-04
366,366,366,NY,2020-03-04
366,366,366,NC,2020-03-04
366,366,366,OR,2020-03-04
366,366,366,RI,2020-03-04
366,366,366,TX,2020-03-04
366,366,366,UT,2020-03-04
366,366,366,WA,2020-03-04
366,366,366,WI,2020-03-04
366,366,366,AZ,2020-03-05
366,366,366,CA,2020-03-05
366,366,366,CO,2020-03-05
366,366,366,FL,2020-03-05
366,366,366,GA,2020-03-05
366,366,366,IL,2020-03-05
366,366,366,MD,2020-03-05
366,366,366,MA,2020-03-05
366,366,366,NE,2020-03-05
366,366,366,NV,2020-03-05
366,366,366,NH,2020-03-05
366,366,366,NJ,2020-03-05
366,366,366,NY,2020-03-05
366,366,366,NC,2020-03-05
366,366,366,OR,2020-03-05
366,366,366,RI,2020-03-05
366,366,366,TN,2020-03-05
366,366,366,TX,2020-03-05
366,366,366,UT,2020-03-05
366,366,366,WA,2020-03-05
366,366,366,WI,2020-03-05
229,33,20,AZ,2020-03-06
64,24,16,CA,2020-03-06
110,27,17,CO,2020-03-06
71,26,17,FL,2020-03-06
72,28,19,GA,2020-03-06
366,49,21,HI,2020-03-06
71,27,18,IL,2020-03-06
160,28,19,IN,2020-03-06
366,43,24,KY,2020-03-06
186,27,18,MD,2020-03-06
71,24,16,MA,2020-03-06
366,52,29,MN,2020-03-06
366,34,18,NE,2020-03-06
308,34,20,NV,2020-03-06
366,40,19,NH,2020-03-06
56,22,16,NJ,2020-03-06
38,19,13,NY,2020-03-06
255,35,22,NC,2020-03-06
366,36,21,OK,2020-03-06
366,44,22,OR,2020-03-06
78,26,18,PA,2020-03-06
366,29,18,RI,2020-03-06
331,34,20,SC,2020-03-06
213,34,22,TN,2020-03-06
67,25,17,TX,2020-03-06
366,38,21,UT,2020-03-06
163,30,18,WA,2020-03-06
366,366,366,WI,2020-03-06
168,31,19,AZ,2020-03-07
56,23,16,CA,2020-03-07
95,27,17,CO,2020-03-07
366,29,16,DC,2020-03-07
63,24,16,FL,2020-03-07
69,26,18,GA,2020-03-07
366,49,21,HI,2020-03-07
78,27,19,IL,2020-03-07
99,28,19,IN,2020-03-07
366,43,23,KS,2020-03-07
366,43,25,KY,2020-03-07
121,27,18,MD,2020-03-07
65,22,15,MA,2020-03-07
366,53,29,MN,2020-03-07
140,31,19,MO,2020-03-07
366,34,19,NE,2020-03-07
189,34,19,NV,2020-03-07
366,37,19,NH,2020-03-07
52,22,15,NJ,2020-03-07
36,17,12,NY,2020-03-07
119,35,21,NC,2020-03-07
366,36,20,OK,2020-03-07
366,40,20,OR,2020-03-07
79,24,17,PA,2020-03-07
199,29,17,RI,2020-03-07
325,34,20,SC,2020-03-07
191,34,22,TN,2020-03-07
65,25,17,TX,2020-03-07
366,38,21,UT,2020-03-07
366,41,18,VT,2020-03-07
139,35,22,VA,2020-03-07
160,29,18,WA,2020-03-07
366,366,366,WI,2020-03-07
188,31,19,AZ,2020-03-08
53,23,15,CA,2020-03-08
98,27,17,CO,2020-03-08
86,26,17,CT,2020-03-08
366,28,17,DC,2020-03-08
60,24,16,FL,2020-03-08
59,25,17,GA,2020-03-08
366,46,20,HI,2020-03-08
65,26,18,IL,2020-03-08
94,26,18,IN,2020-03-08
352,39,22,IA,2020-03-08
366,44,24,KS,2020-03-08
366,39,22,KY,2020-03-08
92,25,17,MD,2020-03-08
53,20,13,MA,2020-03-08
366,50,28,MN,2020-03-08
137,30,19,MO,2020-03-08
366,33,19,NE,2020-03-08
281,32,18,NV,2020-03-08
366,38,19,NH,2020-03-08
49,21,15,NJ,2020-03-08
37,17,12,NY,2020-03-08
190,35,22,NC,2020-03-08
366,36,21,OK,2020-03-08
366,37,18,OR,2020-03-08
73,23,16,PA,2020-03-08
177,29,17,RI,2020-03-08
202,31,18,SC,2020-03-08
163,31,20,TN,2020-03-08
70,24,17,TX,2020-03-08
366,38,21,UT,2020-03-08
366,42,19,VT,2020-03-08
150,33,21,VA,2020-03-08
160,29,18,WA,2020-03-08
366,366,366,WI,2020-03-08
124,31,19,AZ,2020-03-09
54,22,15,CA,2020-03-09
83,26,17,CO,2020-03-09
78,25,16,CT,2020-03-09
366,24,14,DC,2020-03-09
80,24,17,FL,2020-03-09
61,25,17,GA,2020-03-09
366,46,19,HI,2020-03-09
59,25,17,IL,2020-03-09
89,25,17,IN,2020-03-09
330,36,20,IA,2020-03-09
366,44,24,KS,2020-03-09
366,38,23,KY,2020-03-09
83,25,18,LA,2020-03-09
81,25,16,MD,2020-03-09
55,20,13,MA,2020-03-09
366,51,28,MN,2020-03-09
113,31,19,MO,2020-03-09
366,33,18,NE,2020-03-09
267,32,19,NV,2020-03-09
366,38,20,NH,2020-03-09
49,20,14,NJ,2020-03-09
40,17,12,NY,2020-03-09
172,31,20,NC,2020-03-09
85,29,19,OH,2020-03-09
201,36,21,OK,2020-03-09
366,37,18,OR,2020-03-09
63,22,15,PA,2020-03-09
203,29,17,RI,2020-03-09
187,30,18,SC,2020-03-09
181,31,20,TN,2020-03-09
67,24,17,TX,2020-03-09
366,38,21,UT,2020-03-09
366,42,18,VT,2020-03-09
105,30,19,VA,2020-03-09
112,28,17,WA,2020-03-09
366,43,25,WI,2020-03-09
104,31,19,AZ,2020-03-10
56,22,15,CA,2020-03-10
101,25,16,CO,2020-03-10
98,25,17,CT,2020-03-10
366,24,14,DC,2020-03-10
65,23,16,FL,2020-03-10
57,24,16,GA,2020-03-10
366,47,20,HI,2020-03-10
66,24,17,IL,2020-03-10
83,24,17,IN,2020-03-10
224,34,20,IA,2020-03-10
366,44,25,KS,2020-03-10
366,37,22,KY,2020-03-10
58,22,15,LA,2020-03-10
99,24,16,MD,2020-03-10
47,18,12,MA,2020-03-10
142,46,29,MI,2020-03-10
366,49,26,MN,2020-03-10
180,31,20,MO,2020-03-10
366,33,18,NE,2020-03-10
304,32,19,NV,2020-03-10
366,38,19,NH,2020-03-10
47,20,14,NJ,2020-03-10
37,17,12,NY,2020-03-10
126,31,20,NC,2020-03-10
76,29,19,OH,2020-03-10
356,35,20,OK,2020-03-10
366,37,19,OR,2020-03-10
53,22,15,PA,2020-03-10
128,27,17,RI,2020-03-10
190,30,18,SC,2020-03-10
366,30,17,SD,2020-03-10
134,30,19,TN,2020-03-10
72,24,16,TX,2020-03-10
225,37,20,UT,2020-03-10
366,42,19,VT,2020-03-10
110,29,19,VA,2020-03-10
137,27,17,WA,2020-03-10
288,41,23,WI,2020-03-10
102,30,19,AZ,2020-03-11
366,48,27,AR,2020-03-11
52,22,15,CA,2020-03-11
81,23,15,CO,2020-03-11
77,24,16,CT,2020-03-11
308,34,19,DE,2020-03-11
159,21,12,DC,2020-03-11
52,23,16,FL,2020-03-11
49,24,16,GA,2020-03-11
366,49,21,HI,2020-03-11
70,24,16,IL,2020-03-11
59,23,16,IN,2020-03-11
366,34,20,IA,2020-03-11
366,44,25,KS,2020-03-11
191,38,21,KY,2020-03-11
66,21,15,LA,2020-03-11
83,23,16,MD,2020-03-11
52,18,12,MA,2020-03-11
153,48,31,MI,2020-03-11
366,48,26,MN,2020-03-11
202,42,24,MS,2020-03-11
110,31,20,MO,2020-03-11
366,32,17,NE,2020-03-11
255,30,18,NV,2020-03-11
366,38,19,NH,2020-03-11
47,20,14,NJ,2020-03-11
366,36,20,NM,2020-03-11
38,17,12,NY,2020-03-11
131,31,20,NC,2020-03-11
366,47,22,ND,2020-03-11
86,29,19,OH,2020-03-11
366,35,21,OK,2020-03-11
366,36,18,OR,2020-03-11
54,22,15,PA,2020-03-11
158,27,17,RI,2020-03-11
305,30,18,SC,2020-03-11
366,29,15,SD,2020-03-11
124,30,19,TN,2020-03-11
62,24,16,TX,2020-03-11
366,37,20,UT,2020-03-11
366,39,18,VT,2020-03-11
116,28,19,VA,2020-03-11
126,27,17,WA,2020-03-11
366,39,23,WI,2020-03-11
366,49,20,WY,2020-03-11
366,50,19,AK,2020-03-12
128,31,19,AZ,2020-03-12
366,42,23,AR,2020-03-12
61,22,15,CA,2020-03-12
80,23,15,CO,2020-03-12
70,23,15,CT,2020-03-12
204,30,17,DE,2020-03-12
366,22,13,DC,2020-03-12
75,22,16,FL,2020-03-12
59,24,16,GA,2020-03-12
366,51,22,HI,2020-03-12
68,23,16,IL,2020-03-12
65,23,16,IN,2020-03-12
230,34,20,IA,2020-03-12
366,39,22,KS,2020-03-12
218,36,21,KY,2020-03-12
59,21,15,LA,2020-03-12
366,55,23,ME,2020-03-12
88,23,16,MD,2020-03-12
44,18,12,MA,2020-03-12
129,44,27,MI,2020-03-12
366,46,24,MN,2020-03-12
272,42,25,MS,2020-03-12
91,29,19,MO,2020-03-12
366,32,18,NE,2020-03-12
175,30,18,NV,2020-03-12
366,38,20,NH,2020-03-12
49,20,14,NJ,2020-03-12
366,35,19,NM,2020-03-12
41,17,12,NY,2020-03-12
139,30,20,NC,2020-03-12
366,47,23,ND,2020-03-12
79,29,19,OH,2020-03-12
281,35,21,OK,2020-03-12
366,35,17,OR,2020-03-12
52,21,14,PA,2020-03-12
144,27,17,RI,2020-03-12
154,30,18,SC,2020-03-12
366,28,16,SD,2020-03-12
126,29,19,TN,2020-03-12
61,23,16,TX,2020-03-12
366,37,21,UT,2020-03-12
366,41,18,VT,2020-03-12
111,27,17,VA,2020-03-12
141,27,17,WA,2020-03-12
366,39,23,WI,2020-03-12
366,50,22,WY,2020-03-12
147,31,19,AL,2020-03-13
366,51,20,AK,2020-03-13
120,31,19,AZ,2020-03-13
366,42,23,AR,2020-03-13
60,22,15,CA,2020-03-13
68,22,14,CO,2020-03-13
64,22,15,CT,2020-03-13
366,30,18,DE,2020-03-13
232,22,13,DC,2020-03-13
66,22,15,FL,2020-03-13
56,24,16,GA,2020-03-13
366,52,20,HI,2020-03-13
190,31,18,ID,2020-03-13
64,23,16,IL,2020-03-13
56,23,15,IN,2020-03-13
170,34,20,IA,2020-03-13
366,39,22,KS,2020-03-13
366,37,22,KY,2020-03-13
54,19,13,LA,2020-03-13
366,53,22,ME,2020-03-13
69,23,15,MD,2020-03-13
47,18,12,MA,2020-03-13
137,43,27,MI,2020-03-13
366,45,24,MN,2020-03-13
186,37,21,MS,2020-03-13
103,28,18,MO,2020-03-13
366,49,20,MT,2020-03-13
366,32,17,NE,2020-03-13
194,29,17,NV,2020-03-13
366,38,20,NH,2020-03-13
46,19,13,NJ,2020-03-13
366,33,19,NM,2020-03-13
40,18,12,NY,2020-03-13
151,30,19,NC,2020-03-13
366,48,23,ND,2020-03-13
74,27,18,OH,2020-03-13
265,34,20,OK,2020-03-13
366,36,18,OR,2020-03-13
61,20,14,PA,2020-03-13
119,23,15,RI,2020-03-13
250,30,18,SC,2020-03-13
366,28,15,SD,2020-03-13
105,28,18,TN,2020-03-13
60,23,16,TX,2020-03-13
366,37,21,UT,2020-03-13
366,43,20,VT,2020-03-13
103,25,17,VA,2020-03-13
148,27,17,WA,2020-03-13
366,36,21,WI,2020-03-13
366,48,19,WY,2020-03-13
152,30,19,AL,2020-03-14
366,52,20,AK,2020-03-14
101,30,19,AZ,2020-03-14
366,42,23,AR,2020-03-14
50,22,15,CA,2020-03-14
80,22,14,CO,2020-03-14
63,21,14,CT,2020-03-14
327,30,17,DE,2020-03-14
213,20,12,DC,2020-03-14
69,22,15,FL,2020-03-14
57,23,15,GA,2020-03-14
366,50,20,HI,2020-03-14
254,27,16,ID,2020-03-14
51,23,15,IL,2020-03-14
62,23,16,IN,2020-03-14
189,34,20,IA,2020-03-14
366,38,21,KS,2020-03-14
345,35,21,KY,2020-03-14
42,18,12,LA,2020-03-14
366,52,24,ME,2020-03-14
59,22,14,MD,2020-03-14
47,18,12,MA,2020-03-14
138,44,27,MI,2020-03-14
366,44,23,MN,2020-03-14
201,37,22,MS,2020-03-14
86,28,18,MO,2020-03-14
366,49,19,MT,2020-03-14
294,32,17,NE,2020-03-14
166,29,17,NV,2020-03-14
366,39,19,NH,2020-03-14
45,19,13,NJ,2020-03-14
366,32,18,NM,2020-03-14
41,18,12,NY,2020-03-14
99,30,19,NC,2020-03-14
366,49,22,ND,2020-03-14
67,26,17,OH,2020-03-14
366,34,21,OK,2020-03-14
366,36,18,OR,2020-03-14
53,20,14,PA,2020-03-14
87,23,14,RI,2020-03-14
207,29,18,SC,2020-03-14
366,28,15,SD,2020-03-14
109,28,18,TN,2020-03-14
56,23,15,TX,2020-03-14
329,34,19,UT,2020-03-14
366,41,17,VT,2020-03-14
79,25,16,VA,2020-03-14
147,27,17,WA,2020-03-14
230,36,21,WI,2020-03-14
366,47,19,WY,2020-03-14
150,29,18,AL,2020-03-15
366,54,21,AK,2020-03-15
225,31,20,AZ,2020-03-15
366,41,23,AR,2020-03-15
52,22,15,CA,2020-03-15
82,21,14,CO,2020-03-15
56,20,14,CT,2020-03-15
333,28,17,DE,2020-03-15
164,20,12,DC,2020-03-15
67,22,15,FL,2020-03-15
57,23,15,GA,2020-03-15
366,48,19,HI,2020-03-15
366,27,17,ID,2020-03-15
65,22,16,IL,2020-03-15
60,23,16,IN,2020-03-15
203,33,20,IA,2020-03-15
363,38,21,KS,2020-03-15
210,35,20,KY,2020-03-15
49,18,13,LA,2020-03-15
366,47,21,ME,2020-03-15
58,22,14,MD,2020-03-15
48,18,12,MA,2020-03-15
197,45,27,MI,2020-03-15
366,43,23,MN,2020-03-15
198,37,22,MS,2020-03-15
105,29,19,MO,2020-03-15
366,51,20,MT,2020-03-15
366,32,17,NE,2020-03-15
306,29,17,NV,2020-03-15
366,37,18,NH,2020-03-15
44,19,13,NJ,2020-03-15
366,32,18,NM,2020-03-15
43,19,13,NY,2020-03-15
90,29,18,NC,2020-03-15
366,49,23,ND,2020-03-15
80,26,18,OH,2020-03-15
300,32,19,OK,2020-03-15
366,37,18,OR,2020-03-15
58,20,14,PA,2020-03-15
137,23,15,RI,2020-03-15
199,29,18,SC,2020-03-15
256,28,15,SD,2020-03-15
101,29,19,TN,2020-03-15
56,23,16,TX,2020-03-15
266,34,19,UT,2020-03-15
366,41,17,VT,2020-03-15
78,25,16,VA,2020-03-15
108,28,17,WA,2020-03-15
361,37,22,WI,2020-03-15
366,49,18,WY,2020-03-15
152,29,18,AL,2020-03-16
366,51,19,AK,2020-03-16
136,31,20,AZ,2020-03-16
366,41,23,AR,2020-03-16
51,22,15,CA,2020-03-16
111,22,14,CO,2020-03-16
51,20,13,CT,2020-03-16
286,28,17,DE,2020-03-16
164,20,12,DC,2020-03-16
51,22,14,FL,2020-03-16
52,23,15,GA,2020-03-16
366,47,19,HI,2020-03-16
366,28,17,ID,2020-03-16
65,23,16,IL,2020-03-16
66,23,16,IN,2020-03-16
138,34,20,IA,2020-03-16
366,37,21,KS,2020-03-16
366,35,21,KY,2020-03-16
51,18,13,LA,2020-03-16
366,47,21,ME,2020-03-16
69,22,15,MD,2020-03-16
46,18,12,MA,2020-03-16
188,48,29,MI,2020-03-16
366,41,22,MN,2020-03-16
262,37,22,MS,2020-03-16
123,28,18,MO,2020-03-16
366,54,21,MT,2020-03-16
366,32,17,NE,2020-03-16
323,29,17,NV,2020-03-16
366,36,18,NH,2020-03-16
45,18,13,NJ,2020-03-16
366,32,18,NM,2020-03-16
51,20,14,NY,2020-03-16
105,30,19,NC,2020-03-16
366,49,23,ND,2020-03-16
73,26,18,OH,2020-03-16
366,32,19,OK,2020-03-16
366,38,19,OR,2020-03-16
50,20,14,PA,2020-03-16
86,23,15,RI,2020-03-16
229,29,18,SC,2020-03-16
366,28,16,SD,2020-03-16
131,29,20,TN,2020-03-16
56,23,15,TX,2020-03-16
239,34,19,UT,2020-03-16
366,41,18,VT,2020-03-16
97,25,17,VA,2020-03-16
138,30,18,WA,2020-03-16
366,37,22,WI,2020-03-16
366,44,17,WY,2020-03-16
161,29,18,AL,2020-03-17
366,48,19,AK,2020-03-17
118,32,20,AZ,2020-03-17
366,42,23,AR,2020-03-17
59,22,15,CA,2020-03-17
73,22,14,CO,2020-03-17
56,19,13,CT,2020-03-17
207,26,16,DE,2020-03-17
133,19,11,DC,2020-03-17
56,22,15,FL,2020-03-17
60,23,15,GA,2020-03-17
366,48,20,HI,2020-03-17
366,27,16,ID,2020-03-17
52,23,15,IL,2020-03-17
61,24,16,IN,2020-03-17
179,34,20,IA,2020-03-17
366,36,20,KS,2020-03-17
295,36,21,KY,2020-03-17
51,18,13,LA,2020-03-17
366,45,20,ME,2020-03-17
63,21,14,MD,2020-03-17
45,18,12,MA,2020-03-17
270,50,31,MI,2020-03-17
228,42,22,MN,2020-03-17
322,36,22,MS,2020-03-17
107,28,18,MO,2020-03-17
366,56,20,MT,2020-03-17
366,31,17,NE,2020-03-17
129,29,17,NV,2020-03-17
366,34,17,NH,2020-03-17
54,18,13,NJ,2020-03-17
366,32,18,NM,2020-03-17
53,21,14,NY,2020-03-17
129,30,19,NC,2020-03-17
366,44,21,ND,2020-03-17
75,27,17,OH,2020-03-17
179,31,18,OK,2020-03-17
366,37,19,OR,2020-03-17
51,20,14,PA,2020-03-17
84,23,14,RI,2020-03-17
332,29,18,SC,2020-03-17
366,28,16,SD,2020-03-17
115,30,19,TN,2020-03-17
58,24,16,TX,2020-03-17
313,34,19,UT,2020-03-17
366,42,18,VT,2020-03-17
98,24,16,VA,2020-03-17
154,32,19,WA,2020-03-17
366,46,22,WV,2020-03-17
324,37,22,WI,2020-03-17
366,44,16,WY,2020-03-17
122,29,18,AL,2020-03-18
366,48,18,AK,2020-03-18
131,33,20,AZ,2020-03-18
366,41,23,AR,2020-03-18
61,23,15,CA,2020-03-18
85,23,15,CO,2020-03-18
57,19,13,CT,2020-03-18
243,25,15,DE,2020-03-18
262,19,11,DC,2020-03-18
60,22,15,FL,2020-03-18
59,23,15,GA,2020-03-18
366,50,19,HI,2020-03-18
197,28,16,ID,2020-03-18
52,22,15,IL,2020-03-18
66,24,16,IN,2020-03-18
192,33,20,IA,2020-03-18
345,36,21,KS,2020-03-18
366,35,21,KY,2020-03-18
50,18,12,LA,2020-03-18
366,45,19,ME,2020-03-18
61,21,14,MD,2020-03-18
48,19,13,MA,2020-03-18
166,52,30,MI,2020-03-18
366,41,22,MN,2020-03-18
189,36,21,MS,2020-03-18
95,29,18,MO,2020-03-18
366,59,20,MT,2020-03-18
366,32,17,NE,2020-03-18
244,29,17,NV,2020-03-18
366,33,17,NH,2020-03-18
44,18,12,NJ,2020-03-18
366,31,18,NM,2020-03-18
51,21,14,NY,2020-03-18
113,30,19,NC,2020-03-18
366,43,20,ND,2020-03-18
108,27,18,OH,2020-03-18
366,31,18,OK,2020-03-18
366,39,18,OR,2020-03-18
54,20,14,PA,2020-03-18
83,22,14,RI,2020-03-18
227,29,18,SC,2020-03-18
360,28,16,SD,2020-03-18
104,31,19,TN,2020-03-18
66,24,16,TX,2020-03-18
302,34,19,UT,2020-03-18
366,43,18,VT,2020-03-18
78,24,16,VA,2020-03-18
244,35,20,WA,2020-03-18
366,44,22,WV,2020-03-18
293,37,21,WI,2020-03-18
366,44,16,WY,2020-03-18
116,29,18,AL,2020-03-19
366,48,18,AK,2020-03-19
186,33,21,AZ,2020-03-19
366,39,22,AR,2020-03-19
65,24,16,CA,2020-03-19
100,24,15,CO,2020-03-19
47,19,12,CT,2020-03-19
145,25,14,DE,2020-03-19
132,19,11,DC,2020-03-19
56,22,15,FL,2020-03-19
59,23,15,GA,2020-03-19
366,50,20,HI,2020-03-19
366,27,15,ID,2020-03-19
52,22,15,IL,2020-03-19
62,24,16,IN,2020-03-19
201,33,20,IA,2020-03-19
228,34,20,KS,2020-03-19
316,35,21,KY,2020-03-19
49,18,12,LA,2020-03-19
366,46,19,ME,2020-03-19
63,20,14,MD,2020-03-19
53,19,13,MA,2020-03-19
299,46,28,MI,2020-03-19
209,41,21,MN,2020-03-19
219,36,21,MS,2020-03-19
95,29,18,MO,2020-03-19
366,62,22,MT,2020-03-19
366,32,18,NE,2020-03-19
154,30,17,NV,2020-03-19
366,34,17,NH,2020-03-19
46,18,12,NJ,2020-03-19
366,31,18,NM,2020-03-19
57,23,15,NY,2020-03-19
100,30,18,NC,2020-03-19
366,39,18,ND,2020-03-19
100,28,18,OH,2020-03-19
366,31,18,OK,2020-03-19
366,41,19,OR,2020-03-19
54,20,14,PA,2020-03-19
75,22,13,RI,2020-03-19
152,29,17,SC,2020-03-19
366,27,15,SD,2020-03-19
111,31,19,TN,2020-03-19
67,24,16,TX,2020-03-19
366,35,20,UT,2020-03-19
366,46,17,VT,2020-03-19
115,24,17,VA,2020-03-19
366,38,22,WA,2020-03-19
366,42,20,WV,2020-03-19
366,37,21,WI,2020-03-19
366,46,17,WY,2020-03-19
124,29,17,AL,2020-03-20
366,49,17,AK,2020-03-20
268,34,21,AZ,2020-03-20
366,38,20,AR,2020-03-20
61,25,16,CA,2020-03-20
116,25,16,CO,2020-03-20
50,19,13,CT,2020-03-20
148,24,14,DE,2020-03-20
111,17,10,DC,2020-03-20
57,23,15,FL,2020-03-20
60,22,15,GA,2020-03-20
366,51,19,HI,2020-03-20
366,27,16,ID,2020-03-20
62,22,15,IL,2020-03-20
62,25,16,IN,2020-03-20
145,33,20,IA,2020-03-20
292,34,20,KS,2020-03-20
279,35,20,KY,2020-03-20
51,18,12,LA,2020-03-20
366,48,19,ME,2020-03-20
60,20,13,MD,2020-03-20
57,20,13,MA,2020-03-20
240,44,26,MI,2020-03-20
366,41,22,MN,2020-03-20
191,35,21,MS,2020-03-20
96,28,18,MO,2020-03-20
366,68,21,MT,2020-03-20
366,31,18,NE,2020-03-20
165,29,17,NV,2020-03-20
366,34,17,NH,2020-03-20
49,19,13,NJ,2020-03-20
366,31,17,NM,2020-03-20
64,23,15,NY,2020-03-20
143,30,19,NC,2020-03-20
366,38,18,ND,2020-03-20
100,28,19,OH,2020-03-20
366,32,18,OK,2020-03-20
366,42,19,OR,2020-03-20
52,20,14,PA,2020-03-20
101,22,14,RI,2020-03-20
201,29,18,SC,2020-03-20
223,27,15,SD,2020-03-20
159,32,20,TN,2020-03-20
72,24,16,TX,2020-03-20
366,35,19,UT,2020-03-20
366,49,17,VT,2020-03-20
99,24,16,VA,2020-03-20
366,46,24,WA,2020-03-20
366,42,20,WV,2020-03-20
366,38,21,WI,2020-03-20
366,47,17,WY,2020-03-20
138,30,18,AL,2020-03-21
366,50,17,AK,2020-03-21
262,35,21,AZ,2020-03-21
366,38,20,AR,2020-03-21
65,25,17,CA,2020-03-21
108,26,16,CO,2020-03-21
53,19,13,CT,2020-03-21
163,24,14,DE,2020-03-21
107,18,10,DC,2020-03-21
62,24,16,FL,2020-03-21
63,23,15,GA,2020-03-21
366,51,18,HI,2020-03-21
366,28,15,ID,2020-03-21
55,23,15,IL,2020-03-21
67,25,16,IN,2020-03-21
163,32,20,IA,2020-03-21
284,34,20,KS,2020-03-21
308,34,20,KY,2020-03-21
51,18,12,LA,2020-03-21
366,50,20,ME,2020-03-21
65,20,13,MD,2020-03-21
57,20,14,MA,2020-03-21
223,45,27,MI,2020-03-21
298,40,21,MN,2020-03-21
175,34,19,MS,2020-03-21
131,30,19,MO,2020-03-21
366,75,20,MT,2020-03-21
366,31,18,NE,2020-03-21
217,31,18,NV,2020-03-21
366,34,17,NH,2020-03-21
57,19,13,NJ,2020-03-21
366,30,17,NM,2020-03-21
71,25,16,NY,2020-03-21
132,31,19,NC,2020-03-21
366,38,17,ND,2020-03-21
90,29,18,OH,2020-03-21
366,34,19,OK,2020-03-21
366,44,19,OR,2020-03-21
53,20,14,PA,2020-03-21
78,21,13,RI,2020-03-21
171,30,18,SC,2020-03-21
324,27,16,SD,2020-03-21
145,34,21,TN,2020-03-21
67,25,16,TX,2020-03-21
366,36,20,UT,2020-03-21
366,50,15,VT,2020-03-21
66,24,15,VA,2020-03-21
366,54,24,WA,2020-03-21
366,42,19,WV,2020-03-21
353,40,21,WI,2020-03-21
366,50,16,WY,2020-03-21
128,30,18,AL,2020-03-22
366,52,17,AK,2020-03-22
221,36,21,AZ,2020-03-22
366,37,20,AR,2020-03-22
76,27,18,CA,2020-03-22
173,28,18,CO,2020-03-22
64,20,13,CT,2020-03-22
116,24,14,DE,2020-03-22
179,17,10,DC,2020-03-22
82,25,17,FL,2020-03-22
71,24,16,GA,2020-03-22
366,54,18,HI,2020-03-22
366,30,16,ID,2020-03-22
56,23,15,IL,2020-03-22
85,25,16,IN,2020-03-22
122,32,19,IA,2020-03-22
317,35,19,KS,2020-03-22
366,34,20,KY,2020-03-22
55,19,12,LA,2020-03-22
366,51,20,ME,2020-03-22
68,20,13,MD,2020-03-22
66,21,14,MA,2020-03-22
273,45,27,MI,2020-03-22
350,40,21,MN,2020-03-22
203,33,19,MS,2020-03-22
192,31,19,MO,2020-03-22
366,85,19,MT,2020-03-22
366,31,17,NE,2020-03-22
267,33,18,NV,2020-03-22
366,35,18,NH,2020-03-22
59,20,13,NJ,2020-03-22
366,30,17,NM,2020-03-22
82,26,17,NY,2020-03-22
129,31,19,NC,2020-03-22
366,39,18,ND,2020-03-22
101,29,19,OH,2020-03-22
339,35,20,OK,2020-03-22
366,47,19,OR,2020-03-22
62,21,14,PA,2020-03-22
81,21,13,RI,2020-03-22
161,32,18,SC,2020-03-22
259,26,15,SD,2020-03-22
154,35,20,TN,2020-03-22
69,26,16,TX,2020-03-22
366,37,19,UT,2020-03-22
366,58,17,VT,2020-03-22
66,24,15,VA,2020-03-22
366,74,29,WA,2020-03-22
366,42,21,WV,2020-03-22
366,41,21,WI,2020-03-22
366,52,16,WY,2020-03-22
176,31,19,AL,2020-03-23
366,53,16,AK,2020-03-23
366,38,21,AZ,2020-03-23
366,38,19,AR,2020-03-23
83,28,19,CA,2020-03-23
222,31,18,CO,2020-03-23
61,20,13,CT,2020-03-23
133,23,13,DE,2020-03-23
83,17,10,DC,2020-03-23
83,27,17,FL,2020-03-23
77,25,17,GA,2020-03-23
366,56,17,HI,2020-03-23
366,34,17,ID,2020-03-23
59,24,15,IL,2020-03-23
83,26,17,IN,2020-03-23
196,32,19,IA,2020-03-23
265,35,19,KS,2020-03-23
155,35,19,KY,2020-03-23
75,19,13,LA,2020-03-23
366,53,19,ME,2020-03-23
74,20,13,MD,2020-03-23
84,22,15,MA,2020-03-23
366,48,29,MI,2020-03-23
366,39,21,MN,2020-03-23
239,34,20,MS,2020-03-23
128,34,19,MO,2020-03-23
366,96,20,MT,2020-03-23
245,31,17,NE,2020-03-23
366,36,18,NV,2020-03-23
366,35,18,NH,2020-03-23
56,21,13,NJ,2020-03-23
298,30,17,NM,2020-03-23
93,29,18,NY,2020-03-23
156,32,19,NC,2020-03-23
366,39,18,ND,2020-03-23
152,30,19,OH,2020-03-23
366,38,21,OK,2020-03-23
366,49,20,OR,2020-03-23
59,21,14,PA,2020-03-23
81,20,13,RI,2020-03-23
156,32,17,SC,2020-03-23
239,26,15,SD,2020-03-23
366,39,22,TN,2020-03-23
82,28,18,TX,2020-03-23
366,38,20,UT,2020-03-23
366,63,18,VT,2020-03-23
94,24,15,VA,2020-03-23
366,126,33,WA,2020-03-23
366,44,19,WV,2020-03-23
366,44,23,WI,2020-03-23
366,56,16,WY,2020-03-23
201,32,19,AL,2020-03-24
366,55,15,AK,2020-03-24
366,40,23,AZ,2020-03-24
366,36,18,AR,2020-03-24
82,31,19,CA,2020-03-24
366,33,19,CO,2020-03-24
66,20,13,CT,2020-03-24
117,23,13,DE,2020-03-24
103,17,10,DC,2020-03-24
139,29,19,FL,2020-03-24
87,26,17,GA,2020-03-24
366,61,17,HI,2020-03-24
366,38,18,ID,2020-03-24
65,25,16,IL,2020-03-24
120,28,18,IN,2020-03-24
160,32,19,IA,2020-03-24
340,36,19,KS,2020-03-24
366,35,20,KY,2020-03-24
67,21,13,LA,2020-03-24
366,56,20,ME,2020-03-24
72,21,14,MD,2020-03-24
67,23,15,MA,2020-03-24
366,49,28,MI,2020-03-24
366,39,20,MN,2020-03-24
241,34,20,MS,2020-03-24
297,36,21,MO,2020-03-24
366,122,20,MT,2020-03-24
341,31,17,NE,2020-03-24
366,38,20,NV,2020-03-24
366,37,18,NH,2020-03-24
59,22,14,NJ,2020-03-24
366,30,17,NM,2020-03-24
87,30,18,NY,2020-03-24
283,33,20,NC,2020-03-24
366,38,18,ND,2020-03-24
118,32,19,OH,2020-03-24
366,40,21,OK,2020-03-24
366,54,20,OR,2020-03-24
81,22,15,PA,2020-03-24
72,20,13,RI,2020-03-24
273,35,19,SC,2020-03-24
238,26,15,SD,2020-03-24
366,42,22,TN,2020-03-24
94,30,19,TX,2020-03-24
366,39,20,UT,2020-03-24
366,70,18,VT,2020-03-24
96,24,16,VA,2020-03-24
366,366,39,WA,2020-03-24
366,41,19,WV,2020-03-24
366,48,23,WI,2020-03-24
366,57,15,WY,2020-03-24
185,32,19,AL,2020-03-25
366,56,15,AK,2020-03-25
366,42,22,AZ,2020-03-25
366,36,17,AR,2020-03-25
112,34,22,CA,2020-03-25
366,38,20,CO,2020-03-25
62,20,13,CT,2020-03-25
113,23,13,DE,2020-03-25
89,16,10,DC,2020-03-25
156,32,21,FL,2020-03-25
100,28,18,GA,2020-03-25
366,71,18,HI,2020-03-25
366,43,18,ID,2020-03-25
68,26,17,IL,2020-03-25
102,30,19,IN,2020-03-25
124,32,19,IA,2020-03-25
366,35,19,KS,2020-03-25
366,35,21,KY,2020-03-25
102,24,15,LA,2020-03-25
366,59,18,ME,2020-03-25
90,21,14,MD,2020-03-25
87,24,15,MA,2020-03-25
366,52,27,MI,2020-03-25
366,39,21,MN,2020-03-25
240,35,19,MS,2020-03-25
366,40,21,MO,2020-03-25
366,184,22,MT,2020-03-25
366,31,17,NE,2020-03-25
366,44,20,NV,2020-03-25
366,37,17,NH,2020-03-25
70,25,16,NJ,2020-03-25
366,31,17,NM,2020-03-25
112,31,19,NY,2020-03-25
238,34,20,NC,2020-03-25
366,39,17,ND,2020-03-25
147,34,21,OH,2020-03-25
366,42,21,OK,2020-03-25
366,58,21,OR,2020-03-25
85,23,15,PA,2020-03-25
72,20,13,RI,2020-03-25
366,38,19,SC,2020-03-25
161,25,14,SD,2020-03-25
366,48,24,TN,2020-03-25
121,32,20,TX,2020-03-25
366,41,21,UT,2020-03-25
366,94,17,VT,2020-03-25
76,24,16,VA,2020-03-25
366,366,42,WA,2020-03-25
366,42,19,WV,2020-03-25
366,50,23,WI,2020-03-25
366,61,16,WY,2020-03-25
362,32,19,AL,2020-03-26
366,56,14,AK,2020-03-26
366,44,22,AZ,2020-03-26
366,36,17,AR,2020-03-26
136,38,23,CA,2020-03-26
366,43,22,CO,2020-03-26
58,21,13,CT,2020-03-26
152,22,13,DE,2020-03-26
266,16,10,DC,2020-03-26
159,40,23,FL,2020-03-26
98,29,18,GA,2020-03-26
366,80,18,HI,2020-03-26
366,58,19,ID,2020-03-26
94,27,17,IL,2020-03-26
151,33,19,IN,2020-03-26
196,32,19,IA,2020-03-26
366,35,18,KS,2020-03-26
366,35,21,KY,2020-03-26
155,29,17,LA,2020-03-26
366,63,18,ME,2020-03-26
76,21,14,MD,2020-03-26
74,24,15,MA,2020-03-26
366,57,28,MI,2020-03-26
366,38,20,MN,2020-03-26
366,35,20,MS,2020-03-26
366,45,23,MO,2020-03-26
366,366,22,MT,2020-03-26
347,31,16,NE,2020-03-26
366,49,22,NV,2020-03-26
366,39,17,NH,2020-03-26
119,30,19,NJ,2020-03-26
366,31,17,NM,2020-03-26
174,38,23,NY,2020-03-26
227,37,20,NC,2020-03-26
366,38,16,ND,2020-03-26
212,36,21,OH,2020-03-26
366,45,21,OK,2020-03-26
366,64,24,OR,2020-03-26
81,24,16,PA,2020-03-26
63,20,13,RI,2020-03-26
366,42,21,SC,2020-03-26
154,25,14,SD,2020-03-26
366,56,27,TN,2020-03-26
129,33,20,TX,2020-03-26
366,44,20,UT,2020-03-26
366,139,17,VT,2020-03-26
95,24,16,VA,2020-03-26
366,366,54,WA,2020-03-26
366,42,18,WV,2020-03-26
366,55,24,WI,2020-03-26
366,68,17,WY,2020-03-26
366,33,19,AL,2020-03-27
366,58,15,AK,2020-03-27
366,47,23,AZ,2020-03-27
366,36,18,AR,2020-03-27
232,44,26,CA,2020-03-27
366,50,22,CO,2020-03-27
64,21,13,CT,2020-03-27
98,23,13,DE,2020-03-27
103,16,9,DC,2020-03-27
366,50,27,FL,2020-03-27
124,31,19,GA,2020-03-27
366,95,19,HI,2020-03-27
366,88,19,ID,2020-03-27
97,29,18,IL,2020-03-27
173,35,20,IN,2020-03-27
154,31,18,IA,2020-03-27
326,34,18,KS,2020-03-27
265,36,21,KY,2020-03-27
366,37,19,LA,2020-03-27
366,71,18,ME,2020-03-27
83,21,14,MD,2020-03-27
76,25,15,MA,2020-03-27
366,63,31,MI,2020-03-27
366,38,19,MN,2020-03-27
366,35,19,MS,2020-03-27
366,49,23,MO,2020-03-27
366,366,19,MT,2020-03-27
366,32,17,NE,2020-03-27
366,58,23,NV,2020-03-27
366,40,16,NH,2020-03-27
171,34,21,NJ,2020-03-27
366,30,17,NM,2020-03-27
366,60,28,NY,2020-03-27
366,38,20,NC,2020-03-27
366,38,16,ND,2020-03-27
366,38,22,OH,2020-03-27
366,50,22,OK,2020-03-27
366,71,24,OR,2020-03-27
91,26,16,PA,2020-03-27
83,20,13,RI,2020-03-27
366,48,22,SC,2020-03-27
201,24,14,SD,2020-03-27
366,69,26,TN,2020-03-27
135,35,21,TX,2020-03-27
366,49,22,UT,2020-03-27
366,297,18,VT,2020-03-27
79,25,16,VA,2020-03-27
366,366,72,WA,2020-03-27
366,45,18,WV,2020-03-27
366,60,25,WI,2020-03-27
366,75,16,WY,2020-03-27
366,34,19,AL,2020-03-28
366,63,14,AK,2020-03-28
366,52,24,AZ,2020-03-28
366,36,18,AR,2020-03-28
366,51,28,CA,2020-03-28
366,62,24,CO,2020-03-28
78,22,14,CT,2020-03-28
97,22,13,DE,2020-03-28
366,16,9,DC,2020-03-28
366,65,30,FL,2020-03-28
126,33,20,GA,2020-03-28
366,131,18,HI,2020-03-28
366,243,24,ID,2020-03-28
139,31,19,IL,2020-03-28
366,39,22,IN,2020-03-28
148,31,18,IA,2020-03-28
366,35,19,KS,2020-03-28
366,36,20,KY,2020-03-28
366,48,22,LA,2020-03-28
366,78,15,ME,2020-03-28
62,22,13,MD,2020-03-28
96,25,15,MA,2020-03-28
366,74,32,MI,2020-03-28
366,38,19,MN,2020-03-28
366,36,19,MS,2020-03-28
366,54,23,MO,2020-03-28
366,366,19,MT,2020-03-28
366,31,18,NE,2020-03-28
366,69,23,NV,2020-03-28
366,41,17,NH,2020-03-28
232,40,23,NJ,2020-03-28
366,31,16,NM,2020-03-28
366,60,28,NY,2020-03-28
366,40,20,NC,2020-03-28
366,37,16,ND,2020-03-28
366,40,22,OH,2020-03-28
366,56,23,OK,2020-03-28
366,77,23,OR,2020-03-28
160,28,18,PA,2020-03-28
77,20,13,RI,2020-03-28
366,57,23,SC,2020-03-28
167,24,14,SD,2020-03-28
366,90,28,TN,2020-03-28
165,37,22,TX,2020-03-28
366,52,22,UT,2020-03-28
366,366,19,VT,2020-03-28
84,26,16,VA,2020-03-28
366,366,80,WA,2020-03-28
366,47,18,WV,2020-03-28
366,66,24,WI,2020-03-28
366,87,16,WY,2020-03-28
359,36,19,AL,2020-03-29
366,68,13,AK,2020-03-29
366,55,23,AZ,2020-03-29
366,36,18,AR,2020-03-29
366,61,32,CA,2020-03-29
366,71,25,CO,2020-03-29
93,24,15,CT,2020-03-29
126,23,13,DE,2020-03-29
364,17,9,DC,2020-03-29
366,89,36,FL,2020-03-29
231,37,21,GA,2020-03-29
366,172,18,HI,2020-03-29
366,366,23,ID,2020-03-29
133,32,20,IL,2020-03-29
366,45,23,IN,2020-03-29
203,31,18,IA,2020-03-29
366,35,18,KS,2020-03-29
366,36,21,KY,2020-03-29
366,205,33,LA,2020-03-29
366,79,18,ME,2020-03-29
74,22,14,MD,2020-03-29
86,25,15,MA,2020-03-29
366,99,37,MI,2020-03-29
366,37,20,MN,2020-03-29
366,36,19,MS,2020-03-29
366,67,24,MO,2020-03-29
366,366,20,MT,2020-03-29
366,31,17,NE,2020-03-29
366,89,25,NV,2020-03-29
366,42,18,NH,2020-03-29
366,50,24,NJ,2020-03-29
366,32,17,NM,2020-03-29
366,60,28,NY,2020-03-29
366,43,22,NC,2020-03-29
366,36,16,ND,2020-03-29
366,41,22,OH,2020-03-29
366,68,24,OK,2020-03-29
366,87,23,OR,2020-03-29
125,32,19,PA,2020-03-29
79,20,13,RI,2020-03-29
366,70,25,SC,2020-03-29
176,24,14,SD,2020-03-29
366,132,30,TN,2020-03-29
296,39,23,TX,2020-03-29
366,56,22,UT,2020-03-29
366,366,19,VT,2020-03-29
98,26,17,VA,2020-03-29
366,366,84,WA,2020-03-29
366,49,19,WV,2020-03-29
366,72,25,WI,2020-03-29
366,104,16,WY,2020-03-29
366,38,20,AL,2020-03-30
366,73,14,AK,2020-03-30
366,59,23,AZ,2020-03-30
366,36,18,AR,2020-03-30
366,69,32,CA,2020-03-30
366,81,24,CO,2020-03-30
88,25,15,CT,2020-03-30
182,23,14,DE,2020-03-30
248,17,9,DC,2020-03-30
366,269,45,FL,2020-03-30
366,45,24,GA,2020-03-30
366,301,19,HI,2020-03-30
366,366,30,ID,2020-03-30
162,35,21,IL,2020-03-30
366,55,23,IN,2020-03-30
116,30,17,IA,2020-03-30
366,36,19,KS,2020-03-30
366,37,21,KY,2020-03-30
366,366,85,LA,2020-03-30
366,87,18,ME,2020-03-30
100,23,15,MD,2020-03-30
95,25,15,MA,2020-03-30
366,152,42,MI,2020-03-30
366,36,19,MN,2020-03-30
366,37,19,MS,2020-03-30
366,97,28,MO,2020-03-30
366,366,20,MT,2020-03-30
366,31,17,NE,2020-03-30
366,109,25,NV,2020-03-30
366,42,17,NH,2020-03-30
366,71,31,NJ,2020-03-30
366,32,17,NM,2020-03-30
366,102,35,NY,2020-03-30
366,48,23,NC,2020-03-30
366,36,16,ND,2020-03-30
366,43,23,OH,2020-03-30
366,84,27,OK,2020-03-30
366,94,23,OR,2020-03-30
237,38,23,PA,2020-03-30
76,20,13,RI,2020-03-30
366,88,26,SC,2020-03-30
359,24,14,SD,2020-03-30
366,231,37,TN,2020-03-30
366,44,25,TX,2020-03-30
366,60,23,UT,2020-03-30
366,366,19,VT,2020-03-30
107,27,17,VA,2020-03-30
366,366,112,WA,2020-03-30
366,53,19,WV,2020-03-30
366,83,24,WI,2020-03-30
366,136,15,WY,2020-03-30
366,42,20,AL,2020-03-31
366,75,15,AK,2020-03-31
366,65,22,AZ,2020-03-31
366,36,18,AR,2020-03-31
366,84,38,CA,2020-03-31
366,83,23,CO,2020-03-31
95,25,15,CT,2020-03-31
170,24,13,DE,2020-03-31
366,17,9,DC,2020-03-31
366,366,50,FL,2020-03-31
366,52,25,GA,2020-03-31
366,366,19,HI,2020-03-31
366,366,35,ID,2020-03-31
216,38,22,IL,2020-03-31
366,70,29,IN,2020-03-31
228,29,17,IA,2020-03-31
366,36,18,KS,2020-03-31
366,38,20,KY,2020-03-31
366,366,366,LA,2020-03-31
366,94,18,ME,2020-03-31
118,26,16,MD,2020-03-31
162,27,16,MA,2020-03-31
366,346,37,MI,2020-03-31
366,36,19,MN,2020-03-31
366,38,20,MS,2020-03-31
366,157,29,MO,2020-03-31
366,366,19,MT,2020-03-31
299,31,17,NE,2020-03-31
366,146,24,NV,2020-03-31
366,42,16,NH,2020-03-31
366,110,36,NJ,2020-03-31
366,33,17,NM,2020-03-31
366,366,54,NY,2020-03-31
366,53,26,NC,2020-03-31
366,36,15,ND,2020-03-31
366,44,23,OH,2020-03-31
366,110,25,OK,2020-03-31
366,105,22,OR,2020-03-31
366,46,25,PA,2020-03-31
72,19,12,RI,2020-03-31
366,124,26,SC,2020-03-31
227,25,14,SD,2020-03-31
366,358,35,TN,2020-03-31
366,52,27,TX,2020-03-31
366,65,21,UT,2020-03-31
366,366,23,VT,2020-03-31
118,28,17,VA,2020-03-31
366,366,235,WA,2020-03-31
366,56,19,WV,2020-03-31
366,93,25,WI,2020-03-31
366,146,15,WY,2020-03-31
366,48,21,AL,2020-04-01
366,84,15,AK,2020-04-01
366,74,26,AZ,2020-04-01
366,36,18,AR,2020-04-01
366,104,39,CA,2020-04-01
366,105,25,CO,2020-04-01
146,27,15,CT,2020-04-01
111,25,13,DE,2020-04-01
366,17,9,DC,2020-04-01
366,366,67,FL,2020-04-01
366,58,26,GA,2020-04-01
366,366,20,HI,2020-04-01
366,366,34,ID,2020-04-01
366,42,24,IL,2020-04-01
366,88,30,IN,2020-04-01
159,29,17,IA,2020-04-01
366,35,18,KS,2020-04-01
366,39,20,KY,2020-04-01
366,366,366,LA,2020-04-01
366,98,18,ME,2020-04-01
139,28,17,MD,2020-04-01
110,29,17,MA,2020-04-01
366,366,46,MI,2020-04-01
366,36,20,MN,2020-04-01
366,39,19,MS,2020-04-01
366,268,35,MO,2020-04-01
366,366,18,MT,2020-04-01
366,31,17,NE,2020-04-01
366,194,25,NV,2020-04-01
366,43,16,NH,2020-04-01
366,366,45,NJ,2020-04-01
366,34,17,NM,2020-04-01
366,366,72,NY,2020-04-01
366,59,26,NC,2020-04-01
366,35,16,ND,2020-04-01
366,43,23,OH,2020-04-01
366,148,29,OK,2020-04-01
366,123,23,OR,2020-04-01
366,69,30,PA,2020-04-01
92,20,12,RI,2020-04-01
366,181,26,SC,2020-04-01
257,24,14,SD,2020-04-01
366,366,32,TN,2020-04-01
366,64,32,TX,2020-04-01
366,71,21,UT,2020-04-01
366,366,24,VT,2020-04-01
199,29,18,VA,2020-04-01
366,366,268,WA,2020-04-01
366,61,18,WV,2020-04-01
366,107,26,WI,2020-04-01
366,151,13,WY,2020-04-01
366,54,21,AL,2020-04-02
366,95,16,AK,2020-04-02
366,86,27,AZ,2020-04-02
366,36,19,AR,2020-04-02
366,133,39,CA,2020-04-02
366,171,30,CO,2020-04-02
366,31,17,CT,2020-04-02
354,26,14,DE,2020-04-02
366,18,8,DC,2020-04-02
366,366,107,FL,2020-04-02
366,65,27,GA,2020-04-02
366,366,16,HI,2020-04-02
366,366,33,ID,2020-04-02
366,47,24,IL,2020-04-02
366,113,28,IN,2020-04-02
195,30,17,IA,2020-04-02
366,36,17,KS,2020-04-02
366,40,20,KY,2020-04-02
366,366,366,LA,2020-04-02
366,105,17,ME,2020-04-02
245,31,18,MD,2020-04-02
329,31,18,MA,2020-04-02
366,366,61,MI,2020-04-02
366,36,20,MN,2020-04-02
366,39,19,MS,2020-04-02
366,366,36,MO,2020-04-02
366,366,19,MT,2020-04-02
294,30,16,NE,2020-04-02
366,315,25,NV,2020-04-02
366,43,16,NH,2020-04-02
366,366,58,NJ,2020-04-02
366,36,17,NM,2020-04-02
366,366,224,NY,2020-04-02
366,68,26,NC,2020-04-02
366,35,15,ND,2020-04-02
366,41,21,OH,2020-04-02
366,212,27,OK,2020-04-02
366,137,24,OR,2020-04-02
366,144,35,PA,2020-04-02
105,21,13,RI,2020-04-02
366,270,28,SC,2020-04-02
366,25,14,SD,2020-04-02
366,295,35,TN,2020-04-02
366,83,35,TX,2020-04-02
366,74,20,UT,2020-04-02
366,366,23,VT,2020-04-02
339,30,18,VA,2020-04-02
366,366,172,WA,2020-04-02
366,63,19,WV,2020-04-02
366,120,27,WI,2020-04-02
366,189,13,WY,2020-04-02
366,62,21,AL,2020-04-03
366,90,15,AK,2020-04-03
366,96,27,AZ,2020-04-03
366,35,17,AR,2020-04-03
366,133,39,CA,2020-04-03
366,254,29,CO,2020-04-03
366,33,17,CT,2020-04-03
366,26,14,DE,2020-04-03
366,18,8,DC,2020-04-03
366,366,161,FL,2020-04-03
366,75,28,GA,2020-04-03
366,366,18,HI,2020-04-03
366,366,29,ID,2020-04-03
366,55,28,IL,2020-04-03
366,171,34,IN,2020-04-03
237,29,17,IA,2020-04-03
366,35,17,KS,2020-04-03
366,42,22,KY,2020-04-03
366,366,366,LA,2020-04-03
366,122,16,ME,2020-04-03
366,34,19,MD,2020-04-03
366,32,18,MA,2020-04-03
366,366,54,MI,2020-04-03
366,36,19,MN,2020-04-03
366,40,20,MS,2020-04-03
366,366,40,MO,2020-04-03
366,366,19,MT,2020-04-03
366,30,16,NE,2020-04-03
366,324,24,NV,2020-04-03
366,44,16,NH,2020-04-03
366,366,72,NJ,2020-04-03
366,37,18,NM,2020-04-03
366,366,366,NY,2020-04-03
366,81,27,NC,2020-04-03
366,34,14,ND,2020-04-03
366,38,21,OH,2020-04-03
366,272,29,OK,2020-04-03
366,141,22,OR,2020-04-03
366,366,47,PA,2020-04-03
113,22,13,RI,2020-04-03
366,366,29,SC,2020-04-03
366,25,14,SD,2020-04-03
366,272,33,TN,2020-04-03
366,120,38,TX,2020-04-03
366,77,21,UT,2020-04-03
366,366,22,VT,2020-04-03
160,31,18,VA,2020-04-03
366,366,115,WA,2020-04-03
366,70,21,WV,2020-04-03
366,130,29,WI,2020-04-03
366,276,13,WY,2020-04-03
366,75,24,AL,2020-04-04
366,91,14,AK,2020-04-04
366,95,26,AZ,2020-04-04
366,35,17,AR,2020-04-04
366,136,40,CA,2020-04-04
366,286,28,CO,2020-04-04
366,35,16,CT,2020-04-04
366,26,14,DE,2020-04-04
366,18,8,DC,2020-04-04
366,366,208,FL,2020-04-04
366,88,30,GA,2020-04-04
366,366,19,HI,2020-04-04
366,366,35,ID,2020-04-04
366,63,28,IL,2020-04-04
366,271,34,IN,2020-04-04
275,29,17,IA,2020-04-04
366,35,18,KS,2020-04-04
366,43,22,KY,2020-04-04
366,366,366,LA,2020-04-04
366,118,16,ME,2020-04-04
366,41,21,MD,2020-04-04
366,36,18,MA,2020-04-04
366,366,58,MI,2020-04-04
366,36,18,MN,2020-04-04
366,42,20,MS,2020-04-04
366,366,39,MO,2020-04-04
366,366,17,MT,2020-04-04
366,30,16,NE,2020-04-04
366,366,23,NV,2020-04-04
366,46,15,NH,2020-04-04
366,366,68,NJ,2020-04-04
366,38,17,NM,2020-04-04
366,366,366,NY,2020-04-04
366,86,26,NC,2020-04-04
366,34,15,ND,2020-04-04
366,36,20,OH,2020-04-04
366,275,30,OK,2020-04-04
366,179,25,OR,2020-04-04
366,366,62,PA,2020-04-04
165,23,13,RI,2020-04-04
366,366,29,SC,2020-04-04
366,27,15,SD,2020-04-04
366,264,31,TN,2020-04-04
366,188,46,TX,2020-04-04
366,73,21,UT,2020-04-04
366,366,22,VT,2020-04-04
345,32,18,VA,2020-04-04
366,366,249,WA,2020-04-04
366,76,18,WV,2020-04-04
366,133,27,WI,2020-04-04
366,282,15,WY,2020-04-04
366,93,27,AL,2020-04-05
366,103,15,AK,2020-04-05
366,98,25,AZ,2020-04-05
366,34,17,AR,2020-04-05
366,114,35,CA,2020-04-05
366,366,29,CO,2020-04-05
366,44,19,CT,2020-04-05
366,27,14,DE,2020-04-05
366,18,7,DC,2020-04-05
366,366,218,FL,2020-04-05
366,139,33,GA,2020-04-05
366,366,17,HI,2020-04-05
366,366,25,ID,2020-04-05
366,66,28,IL,2020-04-05
366,366,33,IN,2020-04-05
128,29,16,IA,2020-04-05
366,34,18,KS,2020-04-05
366,45,20,KY,2020-04-05
366,366,366,LA,2020-04-05
366,138,16,ME,2020-04-05
366,47,20,MD,2020-04-05
366,38,19,MA,2020-04-05
366,366,46,MI,2020-04-05
366,36,19,MN,2020-04-05
366,42,19,MS,2020-04-05
366,366,44,MO,2020-04-05
366,366,18,MT,2020-04-05
366,30,16,NE,2020-04-05
366,366,26,NV,2020-04-05
366,47,15,NH,2020-04-05
366,366,47,NJ,2020-04-05
366,38,17,NM,2020-04-05
366,366,366,NY,2020-04-05
366,89,25,NC,2020-04-05
366,33,14,ND,2020-04-05
229,33,19,OH,2020-04-05
366,366,26,OK,2020-04-05
366,180,22,OR,2020-04-05
366,366,88,PA,2020-04-05
218,24,14,RI,2020-04-05
366,366,27,SC,2020-04-05
366,28,14,SD,2020-04-05
366,224,28,TN,2020-04-05
366,305,46,TX,2020-04-05
366,68,21,UT,2020-04-05
366,366,22,VT,2020-04-05
171,33,17,VA,2020-04-05
366,366,110,WA,2020-04-05
366,83,21,WV,2020-04-05
366,129,25,WI,2020-04-05
366,355,14,WY,2020-04-05
366,103,26,AL,2020-04-06
366,112,14,AK,2020-04-06
366,89,23,AZ,2020-04-06
366,34,17,AR,2020-04-06
366,82,32,CA,2020-04-06
366,366,29,CO,2020-04-06
366,52,20,CT,2020-04-06
366,27,14,DE,2020-04-06
366,18,7,DC,2020-04-06
366,366,118,FL,2020-04-06
366,366,39,GA,2020-04-06
366,366,17,HI,2020-04-06
366,366,33,ID,2020-04-06
366,76,30,IL,2020-04-06
366,315,32,IN,2020-04-06
151,29,16,IA,2020-04-06
366,34,17,KS,2020-04-06
366,49,20,KY,2020-04-06
366,366,366,LA,2020-04-06
366,162,15,ME,2020-04-06
366,58,23,MD,2020-04-06
366,42,21,MA,2020-04-06
366,366,65,MI,2020-04-06
366,36,18,MN,2020-04-06
366,43,19,MS,2020-04-06
366,366,49,MO,2020-04-06
366,366,18,MT,2020-04-06
366,29,16,NE,2020-04-06
366,366,25,NV,2020-04-06
366,47,16,NH,2020-04-06
366,366,43,NJ,2020-04-06
366,40,16,NM,2020-04-06
366,366,366,NY,2020-04-06
366,95,29,NC,2020-04-06
366,33,14,ND,2020-04-06
162,30,17,OH,2020-04-06
366,366,24,OK,2020-04-06
366,152,22,OR,2020-04-06
366,366,112,PA,2020-04-06
366,26,14,RI,2020-04-06
366,366,30,SC,2020-04-06
366,29,15,SD,2020-04-06
366,186,27,TN,2020-04-06
366,366,53,TX,2020-04-06
366,65,19,UT,2020-04-06
366,366,24,VT,2020-04-06
291,34,18,VA,2020-04-06
366,366,94,WA,2020-04-06
366,96,20,WV,2020-04-06
366,132,28,WI,2020-04-06
366,366,13,WY,2020-04-06
366,130,26,AL,2020-04-07
366,113,14,AK,2020-04-07
366,84,23,AZ,2020-04-07
366,34,16,AR,2020-04-07
366,69,28,CA,2020-04-07
366,286,29,CO,2020-04-07
366,53,18,CT,2020-04-07
366,28,13,DE,2020-04-07
366,17,7,DC,2020-04-07
366,366,109,FL,2020-04-07
366,366,42,GA,2020-04-07
366,366,17,HI,2020-04-07
366,366,21,ID,2020-04-07
366,84,30,IL,2020-04-07
366,320,32,IN,2020-04-07
147,29,15,IA,2020-04-07
366,33,17,KS,2020-04-07
366,51,21,KY,2020-04-07
366,366,366,LA,2020-04-07
366,177,15,ME,2020-04-07
366,75,26,MD,2020-04-07
366,57,23,MA,2020-04-07
366,366,59,MI,2020-04-07
366,36,18,MN,2020-04-07
366,43,19,MS,2020-04-07
366,366,48,MO,2020-04-07
366,366,16,MT,2020-04-07
366,29,15,NE,2020-04-07
366,366,22,NV,2020-04-07
366,49,15,NH,2020-04-07
366,366,35,NJ,2020-04-07
366,41,15,NM,2020-04-07
366,366,366,NY,2020-04-07
366,98,28,NC,2020-04-07
366,33,15,ND,2020-04-07
175,29,17,OH,2020-04-07
366,366,28,OK,2020-04-07
366,154,21,OR,2020-04-07
366,366,85,PA,2020-04-07
366,28,14,RI,2020-04-07
366,366,29,SC,2020-04-07
366,32,15,SD,2020-04-07
366,158,24,TN,2020-04-07
366,366,63,TX,2020-04-07
366,63,19,UT,2020-04-07
366,366,18,VT,2020-04-07
366,34,18,VA,2020-04-07
366,366,93,WA,2020-04-07
366,101,19,WV,2020-04-07
366,117,25,WI,2020-04-07
366,366,13,WY,2020-04-07
366,165,26,AL,2020-04-08
366,105,13,AK,2020-04-08
366,82,24,AZ,2020-04-08
366,33,16,AR,2020-04-08
366,63,30,CA,2020-04-08
366,366,30,CO,2020-04-08
366,61,20,CT,2020-04-08
366,27,13,DE,2020-04-08
366,17,7,DC,2020-04-08
366,366,84,FL,2020-04-08
366,366,37,GA,2020-04-08
366,366,17,HI,2020-04-08
366,366,22,ID,2020-04-08
366,94,32,IL,2020-04-08
366,316,28,IN,2020-04-08
153,29,16,IA,2020-04-08
366,32,16,KS,2020-04-08
366,54,21,KY,2020-04-08
366,366,366,LA,2020-04-08
366,204,18,ME,2020-04-08
366,116,24,MD,2020-04-08
366,96,30,MA,2020-04-08
366,366,49,MI,2020-04-08
366,36,18,MN,2020-04-08
366,46,20,MS,2020-04-08
366,366,40,MO,2020-04-08
366,366,17,MT,2020-04-08
366,29,15,NE,2020-04-08
366,366,28,NV,2020-04-08
366,49,15,NH,2020-04-08
366,366,36,NJ,2020-04-08
366,42,16,NM,2020-04-08
366,366,366,NY,2020-04-08
366,95,28,NC,2020-04-08
366,32,14,ND,2020-04-08
105,28,16,OH,2020-04-08
366,366,28,OK,2020-04-08
366,174,19,OR,2020-04-08
366,366,148,PA,2020-04-08
366,30,15,RI,2020-04-08
366,366,29,SC,2020-04-08
366,36,15,SD,2020-04-08
366,130,24,TN,2020-04-08
366,366,78,TX,2020-04-08
366,62,18,UT,2020-04-08
366,366,18,VT,2020-04-08
366,34,18,VA,2020-04-08
366,366,62,WA,2020-04-08
366,98,20,WV,2020-04-08
366,109,22,WI,2020-04-08
366,366,13,WY,2020-04-08
366,225,26,AL,2020-04-09
366,105,13,AK,2020-04-09
366,81,23,AZ,2020-04-09
366,32,17,AR,2020-04-09
366,51,28,CA,2020-04-09
366,366,28,CO,2020-04-09
366,89,23,CT,2020-04-09
366,27,13,DE,2020-04-09
366,16,6,DC,2020-04-09
366,366,109,FL,2020-04-09
366,366,41,GA,2020-04-09
366,366,15,HI,2020-04-09
366,366,22,ID,2020-04-09
366,102,33,IL,2020-04-09
366,287,34,IN,2020-04-09
181,29,16,IA,2020-04-09
366,31,16,KS,2020-04-09
366,53,20,KY,2020-04-09
366,366,366,LA,2020-04-09
366,246,16,ME,2020-04-09
366,148,28,MD,2020-04-09
366,214,31,MA,2020-04-09
366,366,46,MI,2020-04-09
366,36,17,MN,2020-04-09
366,47,21,MS,2020-04-09
366,366,44,MO,2020-04-09
366,366,19,MT,2020-04-09
366,29,15,NE,2020-04-09
366,366,25,NV,2020-04-09
366,49,15,NH,2020-04-09
366,366,36,NJ,2020-04-09
366,41,16,NM,2020-04-09
366,366,366,NY,2020-04-09
366,107,28,NC,2020-04-09
366,33,14,ND,2020-04-09
142,27,17,OH,2020-04-09
366,366,25,OK,2020-04-09
366,193,21,OR,2020-04-09
366,366,140,PA,2020-04-09
366,33,16,RI,2020-04-09
366,366,29,SC,2020-04-09
366,40,16,SD,2020-04-09
366,114,27,TN,2020-04-09
366,366,78,TX,2020-04-09
366,59,18,UT,2020-04-09
366,366,19,VT,2020-04-09
366,35,18,VA,2020-04-09
366,366,49,WA,2020-04-09
366,98,19,WV,2020-04-09
366,99,22,WI,2020-04-09
366,366,12,WY,2020-04-09
366,189,26,AL,2020-04-10
366,101,14,AK,2020-04-10
366,78,22,AZ,2020-04-10
366,31,16,AR,2020-04-10
366,45,23,CA,2020-04-10
366,366,31,CO,2020-04-10
366,61,20,CT,2020-04-10
366,28,12,DE,2020-04-10
366,15,6,DC,2020-04-10
366,366,99,FL,2020-04-10
366,366,42,GA,2020-04-10
366,366,14,HI,2020-04-10
366,366,21,ID,2020-04-10
366,102,34,IL,2020-04-10
366,263,28,IN,2020-04-10
254,28,16,IA,2020-04-10
366,30,15,KS,2020-04-10
366,53,20,KY,2020-04-10
366,366,366,LA,2020-04-10
366,321,15,ME,2020-04-10
366,139,26,MD,2020-04-10
366,236,30,MA,2020-04-10
366,366,54,MI,2020-04-10
366,36,18,MN,2020-04-10
366,49,19,MS,2020-04-10
366,366,40,MO,2020-04-10
366,366,17,MT,2020-04-10
366,28,15,NE,2020-04-10
366,366,22,NV,2020-04-10
366,50,15,NH,2020-04-10
366,366,34,NJ,2020-04-10
366,41,16,NM,2020-04-10
366,366,366,NY,2020-04-10
366,112,25,NC,2020-04-10
366,34,14,ND,2020-04-10
104,28,16,OH,2020-04-10
366,366,26,OK,2020-04-10
366,193,22,OR,2020-04-10
366,366,167,PA,2020-04-10
366,33,15,RI,2020-04-10
366,366,25,SC,2020-04-10
366,45,16,SD,2020-04-10
366,96,23,TN,2020-04-10
366,366,79,TX,2020-04-10
366,55,18,UT,2020-04-10
366,366,17,VT,2020-04-10
366,34,17,VA,2020-04-10
366,366,51,WA,2020-04-10
366,104,19,WV,2020-04-10
366,96,22,WI,2020-04-10
366,366,12,WY,2020-04-10
366,191,29,AL,2020-04-11
366,115,12,AK,2020-04-11
366,77,21,AZ,2020-04-11
366,31,16,AR,2020-04-11
240,39,21,CA,2020-04-11
366,366,28,CO,2020-04-11
366,46,17,CT,2020-04-11
366,28,13,DE,2020-04-11
366,15,5,DC,2020-04-11
366,366,84,FL,2020-04-11
366,199,31,GA,2020-04-11
366,366,15,HI,2020-04-11
366,366,19,ID,2020-04-11
366,80,28,IL,2020-04-11
366,208,25,IN,2020-04-11
303,29,16,IA,2020-04-11
366,29,16,KS,2020-04-11
366,52,20,KY,2020-04-11
366,366,366,LA,2020-04-11
366,318,16,ME,2020-04-11
366,113,24,MD,2020-04-11
366,208,28,MA,2020-04-11
366,366,43,MI,2020-04-11
366,36,18,MN,2020-04-11
366,50,20,MS,2020-04-11
366,366,41,MO,2020-04-11
366,366,14,MT,2020-04-11
366,28,15,NE,2020-04-11
366,366,26,NV,2020-04-11
366,51,14,NH,2020-04-11
366,159,26,NJ,2020-04-11
366,39,15,NM,2020-04-11
366,366,366,NY,2020-04-11
366,111,27,NC,2020-04-11
366,35,14,ND,2020-04-11
212,30,17,OH,2020-04-11
366,366,26,OK,2020-04-11
366,199,19,OR,2020-04-11
366,366,58,PA,2020-04-11
366,33,15,RI,2020-04-11
366,257,24,SC,2020-04-11
366,54,16,SD,2020-04-11
366,82,21,TN,2020-04-11
366,366,70,TX,2020-04-11
366,52,18,UT,2020-04-11
366,366,18,VT,2020-04-11
366,33,16,VA,2020-04-11
366,366,39,WA,2020-04-11
366,106,17,WV,2020-04-11
366,91,21,WI,2020-04-11
366,366,11,WY,2020-04-11
366,155,24,AL,2020-04-12
366,120,12,AK,2020-04-12
366,71,21,AZ,2020-04-12
366,31,16,AR,2020-04-12
248,39,22,CA,2020-04-12
366,366,27,CO,2020-04-12
366,45,17,CT,2020-04-12
366,27,12,DE,2020-04-12
366,15,6,DC,2020-04-12
366,366,87,FL,2020-04-12
366,181,33,GA,2020-04-12
366,366,15,HI,2020-04-12
366,366,17,ID,2020-04-12
366,65,24,IL,2020-04-12
366,234,26,IN,2020-04-12
366,30,16,IA,2020-04-12
366,28,14,KS,2020-04-12
366,52,21,KY,2020-04-12
366,366,119,LA,2020-04-12
366,366,16,ME,2020-04-12
366,104,23,MD,2020-04-12
366,128,26,MA,2020-04-12
366,366,40,MI,2020-04-12
366,35,17,MN,2020-04-12
366,51,19,MS,2020-04-12
366,366,40,MO,2020-04-12
366,366,15,MT,2020-04-12
366,28,14,NE,2020-04-12
366,366,20,NV,2020-04-12
366,50,14,NH,2020-04-12
366,162,27,NJ,2020-04-12
366,39,14,NM,2020-04-12
366,366,366,NY,2020-04-12
366,108,28,NC,2020-04-12
366,36,15,ND,2020-04-12
366,34,19,OH,2020-04-12
366,316,24,OK,2020-04-12
366,223,19,OR,2020-04-12
366,366,55,PA,2020-04-12
366,34,15,RI,2020-04-12
366,143,23,SC,2020-04-12
366,63,16,SD,2020-04-12
366,69,23,TN,2020-04-12
366,366,51,TX,2020-04-12
366,50,19,UT,2020-04-12
366,366,17,VT,2020-04-12
366,31,16,VA,2020-04-12
366,366,29,WA,2020-04-12
366,110,17,WV,2020-04-12
366,85,22,WI,2020-04-12
366,366,12,WY,2020-04-12
366,126,21,AL,2020-04-13
366,121,12,AK,2020-04-13
366,68,20,AZ,2020-04-13
366,29,15,AR,2020-04-13
199,36,21,CA,2020-04-13
366,366,25,CO,2020-04-13
366,42,16,CT,2020-04-13
366,28,12,DE,2020-04-13
366,15,5,DC,2020-04-13
366,366,129,FL,2020-04-13
366,366,37,GA,2020-04-13
366,366,15,HI,2020-04-13
366,366,16,ID,2020-04-13
366,58,22,IL,2020-04-13
366,192,24,IN,2020-04-13
366,31,17,IA,2020-04-13
366,27,14,KS,2020-04-13
366,52,21,KY,2020-04-13
366,366,48,LA,2020-04-13
366,366,17,ME,2020-04-13
366,92,22,MD,2020-04-13
366,64,20,MA,2020-04-13
366,366,37,MI,2020-04-13
366,35,18,MN,2020-04-13
366,52,20,MS,2020-04-13
366,366,35,MO,2020-04-13
366,366,14,MT,2020-04-13
366,28,14,NE,2020-04-13
366,366,19,NV,2020-04-13
366,52,14,NH,2020-04-13
366,79,20,NJ,2020-04-13
366,39,15,NM,2020-04-13
366,366,366,NY,2020-04-13
366,103,25,NC,2020-04-13
366,36,14,ND,2020-04-13
366,39,20,OH,2020-04-13
366,303,24,OK,2020-04-13
366,210,19,OR,2020-04-13
366,366,46,PA,2020-04-13
366,34,14,RI,2020-04-13
366,121,19,SC,2020-04-13
366,69,15,SD,2020-04-13
366,60,20,TN,2020-04-13
366,366,45,TX,2020-04-13
366,47,18,UT,2020-04-13
366,366,15,VT,2020-04-13
366,31,16,VA,2020-04-13
366,366,34,WA,2020-04-13
366,114,18,WV,2020-04-13
366,78,19,WI,2020-04-13
366,366,11,WY,2020-04-13
366,99,21,AL,2020-04-14
366,126,12,AK,2020-04-14
366,66,20,AZ,2020-04-14
366,29,14,AR,2020-04-14
366,37,21,CA,2020-04-14
366,146,18,CO,2020-04-14
366,39,14,CT,2020-04-14
366,27,11,DE,2020-04-14
366,15,5,DC,2020-04-14
366,366,95,FL,2020-04-14
366,366,34,GA,2020-04-14
366,366,15,HI,2020-04-14
366,366,16,ID,2020-04-14
366,54,21,IL,2020-04-14
366,162,27,IN,2020-04-14
366,32,17,IA,2020-04-14
366,26,14,KS,2020-04-14
366,51,19,KY,2020-04-14
366,366,49,LA,2020-04-14
366,366,16,ME,2020-04-14
366,81,20,MD,2020-04-14
366,51,18,MA,2020-04-14
366,366,31,MI,2020-04-14
366,34,17,MN,2020-04-14
366,53,18,MS,2020-04-14
366,366,30,MO,2020-04-14
366,366,16,MT,2020-04-14
366,28,14,NE,2020-04-14
366,366,18,NV,2020-04-14
366,51,14,NH,2020-04-14
366,74,23,NJ,2020-04-14
366,39,14,NM,2020-04-14
366,366,366,NY,2020-04-14
366,91,25,NC,2020-04-14
366,37,13,ND,2020-04-14
366,47,22,OH,2020-04-14
366,287,21,OK,2020-04-14
366,192,16,OR,2020-04-14
366,366,39,PA,2020-04-14
366,32,13,RI,2020-04-14
366,134,21,SC,2020-04-14
366,76,16,SD,2020-04-14
366,53,18,TN,2020-04-14
366,366,40,TX,2020-04-14
366,48,17,UT,2020-04-14
366,366,13,VT,2020-04-14
366,30,15,VA,2020-04-14
366,366,36,WA,2020-04-14
366,109,16,WV,2020-04-14
366,75,20,WI,2020-04-14
366,366,11,WY,2020-04-14
366,85,20,AL,2020-04-15
366,135,11,AK,2020-04-15
366,72,19,AZ,2020-04-15
366,28,15,AR,2020-04-15
366,38,20,CA,2020-04-15
366,126,21,CO,2020-04-15
366,37,15,CT,2020-04-15
366,28,11,DE,2020-04-15
366,15,5,DC,2020-04-15
366,366,107,FL,2020-04-15
366,366,35,GA,2020-04-15
366,366,14,HI,2020-04-15
366,366,13,ID,2020-04-15
366,53,21,IL,2020-04-15
366,301,23,IN,2020-04-15
366,33,17,IA,2020-04-15
366,25,14,KS,2020-04-15
366,51,18,KY,2020-04-15
366,366,31,LA,2020-04-15
366,366,15,ME,2020-04-15
366,81,19,MD,2020-04-15
366,57,18,MA,2020-04-15
366,366,29,MI,2020-04-15
366,34,17,MN,2020-04-15
366,54,18,MS,2020-04-15
366,366,31,MO,2020-04-15
366,366,14,MT,2020-04-15
366,28,14,NE,2020-04-15
366,366,17,NV,2020-04-15
366,52,13,NH,2020-04-15
366,61,19,NJ,2020-04-15
366,38,14,NM,2020-04-15
366,366,366,NY,2020-04-15
366,96,21,NC,2020-04-15
366,38,13,ND,2020-04-15
366,72,25,OH,2020-04-15
366,211,21,OK,2020-04-15
366,193,17,OR,2020-04-15
366,366,34,PA,2020-04-15
366,32,14,RI,2020-04-15
366,118,19,SC,2020-04-15
366,89,13,SD,2020-04-15
366,50,19,TN,2020-04-15
366,366,43,TX,2020-04-15
366,47,16,UT,2020-04-15
366,366,15,VT,2020-04-15
366,30,15,VA,2020-04-15
366,366,32,WA,2020-04-15
366,118,16,WV,2020-04-15
366,72,19,WI,2020-04-15
366,366,11,WY,2020-04-15
366,78,18,AL,2020-04-16
366,125,11,AK,2020-04-16
366,69,17,AZ,2020-04-16
366,28,13,AR,2020-04-16
285,36,19,CA,2020-04-16
366,137,18,CO,2020-04-16
366,39,14,CT,2020-04-16
366,28,11,DE,2020-04-16
366,15,4,DC,2020-04-16
366,366,71,FL,2020-04-16
366,366,30,GA,2020-04-16
366,366,14,HI,2020-04-16
366,366,15,ID,2020-04-16
366,48,21,IL,2020-04-16
366,366,25,IN,2020-04-16
366,35,16,IA,2020-04-16
366,25,13,KS,2020-04-16
366,51,18,KY,2020-04-16
366,366,29,LA,2020-04-16
366,366,14,ME,2020-04-16
366,82,19,MD,2020-04-16
366,55,17,MA,2020-04-16
366,122,23,MI,2020-04-16
366,34,16,MN,2020-04-16
366,54,18,MS,2020-04-16
366,366,25,MO,2020-04-16
366,366,15,MT,2020-04-16
366,28,13,NE,2020-04-16
366,366,17,NV,2020-04-16
366,52,13,NH,2020-04-16
366,62,18,NJ,2020-04-16
366,36,13,NM,2020-04-16
366,366,366,NY,2020-04-16
366,98,22,NC,2020-04-16
366,39,14,ND,2020-04-16
366,216,25,OH,2020-04-16
366,166,19,OK,2020-04-16
366,181,16,OR,2020-04-16
366,366,38,PA,2020-04-16
366,31,13,RI,2020-04-16
366,116,18,SC,2020-04-16
366,86,14,SD,2020-04-16
366,45,17,TN,2020-04-16
366,366,40,TX,2020-04-16
366,46,16,UT,2020-04-16
366,366,11,VT,2020-04-16
366,30,14,VA,2020-04-16
366,366,30,WA,2020-04-16
366,118,16,WV,2020-04-16
366,75,20,WI,2020-04-16
366,366,11,WY,2020-04-16
366,65,17,AL,2020-04-17
366,121,11,AK,2020-04-17
366,69,18,AZ,2020-04-17
366,28,14,AR,2020-04-17
366,35,19,CA,2020-04-17
366,157,18,CO,2020-04-17
366,35,14,CT,2020-04-17
366,28,10,DE,2020-04-17
366,15,4,DC,2020-04-17
366,366,94,FL,2020-04-17
366,366,30,GA,2020-04-17
366,366,14,HI,2020-04-17
366,366,12,ID,2020-04-17
366,43,19,IL,2020-04-17
366,366,23,IN,2020-04-17
366,36,16,IA,2020-04-17
366,23,13,KS,2020-04-17
366,51,18,KY,2020-04-17
366,366,21,LA,2020-04-17
366,366,14,ME,2020-04-17
366,72,19,MD,2020-04-17
366,40,15,MA,2020-04-17
366,69,18,MI,2020-04-17
366,34,16,MN,2020-04-17
366,56,18,MS,2020-04-17
366,366,28,MO,2020-04-17
366,366,15,MT,2020-04-17
366,29,13,NE,2020-04-17
366,366,16,NV,2020-04-17
366,53,12,NH,2020-04-17
366,51,17,NJ,2020-04-17
366,35,12,NM,2020-04-17
366,366,366,NY,2020-04-17
366,96,22,NC,2020-04-17
366,39,14,ND,2020-04-17
366,366,35,OH,2020-04-17
366,130,18,OK,2020-04-17
366,171,15,OR,2020-04-17
366,366,41,PA,2020-04-17
366,30,13,RI,2020-04-17
366,112,18,SC,2020-04-17
366,83,13,SD,2020-04-17
366,40,17,TN,2020-04-17
366,366,35,TX,2020-04-17
366,46,15,UT,2020-04-17
366,366,11,VT,2020-04-17
366,28,14,VA,2020-04-17
366,366,31,WA,2020-04-17
366,126,15,WV,2020-04-17
366,70,18,WI,2020-04-17
366,366,10,WY,2020-04-17
366,60,17,AL,2020-04-18
366,117,11,AK,2020-04-18
366,61,15,AZ,2020-04-18
366,27,13,AR,2020-04-18
366,33,17,CA,2020-04-18
366,139,18,CO,2020-04-18
366,41,12,CT,2020-04-18
366,28,10,DE,2020-04-18
366,14,4,DC,2020-04-18
366,366,86,FL,2020-04-18
366,366,26,GA,2020-04-18
366,366,13,HI,2020-04-18
366,366,12,ID,2020-04-18
366,40,17,IL,2020-04-18
366,366,19,IN,2020-04-18
366,38,16,IA,2020-04-18
366,23,12,KS,2020-04-18
366,51,18,KY,2020-04-18
366,366,20,LA,2020-04-18
366,366,15,ME,2020-04-18
366,62,17,MD,2020-04-18
366,28,12,MA,2020-04-18
366,48,17,MI,2020-04-18
366,33,17,MN,2020-04-18
366,56,17,MS,2020-04-18
366,366,20,MO,2020-04-18
366,366,15,MT,2020-04-18
366,29,13,NE,2020-04-18
366,366,14,NV,2020-04-18
366,51,13,NH,2020-04-18
366,44,17,NJ,2020-04-18
366,34,12,NM,2020-04-18
366,366,366,NY,2020-04-18
366,90,20,NC,2020-04-18
366,40,13,ND,2020-04-18
366,366,35,OH,2020-04-18
366,109,18,OK,2020-04-18
366,167,15,OR,2020-04-18
366,366,27,PA,2020-04-18
366,29,11,RI,2020-04-18
366,99,15,SC,2020-04-18
366,81,11,SD,2020-04-18
366,37,15,TN,2020-04-18
366,366,31,TX,2020-04-18
366,44,14,UT,2020-04-18
366,366,12,VT,2020-04-18
366,28,14,VA,2020-04-18
366,366,23,WA,2020-04-18
366,136,15,WV,2020-04-18
366,68,18,WI,2020-04-18
366,366,10,WY,2020-04-18
366,54,15,AL,2020-04-19
366,120,11,AK,2020-04-19
366,56,14,AZ,2020-04-19
366,28,14,AR,2020-04-19
330,31,16,CA,2020-04-19
366,137,16,CO,2020-04-19
366,42,12,CT,2020-04-19
366,29,10,DE,2020-04-19
366,13,4,DC,2020-04-19
366,366,68,FL,2020-04-19
366,366,22,GA,2020-04-19
366,366,12,HI,2020-04-19
366,366,12,ID,2020-04-19
366,35,15,IL,2020-04-19
366,366,18,IN,2020-04-19
366,40,15,IA,2020-04-19
366,23,12,KS,2020-04-19
366,51,18,KY,2020-04-19
366,366,16,LA,2020-04-19
366,218,12,ME,2020-04-19
366,55,15,MD,2020-04-19
366,22,10,MA,2020-04-19
366,39,14,MI,2020-04-19
366,33,16,MN,2020-04-19
366,56,15,MS,2020-04-19
366,366,21,MO,2020-04-19
366,366,15,MT,2020-04-19
366,29,13,NE,2020-04-19
366,366,17,NV,2020-04-19
366,51,12,NH,2020-04-19
366,43,14,NJ,2020-04-19
366,34,12,NM,2020-04-19
366,366,28,NY,2020-04-19
366,88,19,NC,2020-04-19
366,40,12,ND,2020-04-19
366,366,43,OH,2020-04-19
366,95,16,OK,2020-04-19
366,144,15,OR,2020-04-19
366,366,27,PA,2020-04-19
366,29,10,RI,2020-04-19
366,82,14,SC,2020-04-19
366,72,12,SD,2020-04-19
366,36,15,TN,2020-04-19
366,244,26,TX,2020-04-19
366,44,13,UT,2020-04-19
366,366,12,VT,2020-04-19
366,27,13,VA,2020-04-19
366,366,24,WA,2020-04-19
366,150,15,WV,2020-04-19
366,66,16,WI,2020-04-19
366,366,11,WY,2020-04-19
366,51,14,AL,2020-04-20
366,143,11,AK,2020-04-20
366,53,13,AZ,2020-04-20
366,28,13,AR,2020-04-20
366,30,16,CA,2020-04-20
366,140,16,CO,2020-04-20
366,70,12,CT,2020-04-20
366,29,9,DE,2020-04-20
366,13,3,DC,2020-04-20
366,366,62,FL,2020-04-20
366,366,21,GA,2020-04-20
366,366,15,HI,2020-04-20
366,366,10,ID,2020-04-20
366,33,15,IL,2020-04-20
366,331,17,IN,2020-04-20
366,40,14,IA,2020-04-20
366,22,11,KS,2020-04-20
366,51,17,KY,2020-04-20
366,366,14,LA,2020-04-20
366,183,13,ME,2020-04-20
366,46,13,MD,2020-04-20
366,17,9,MA,2020-04-20
366,34,12,MI,2020-04-20
366,32,15,MN,2020-04-20
366,55,15,MS,2020-04-20
366,366,20,MO,2020-04-20
366,366,15,MT,2020-04-20
366,29,13,NE,2020-04-20
366,366,14,NV,2020-04-20
366,49,11,NH,2020-04-20
366,35,13,NJ,2020-04-20
366,32,11,NM,2020-04-20
366,366,16,NY,2020-04-20
366,80,19,NC,2020-04-20
366,40,12,ND,2020-04-20
366,366,33,OH,2020-04-20
366,98,15,OK,2020-04-20
366,156,13,OR,2020-04-20
366,366,20,PA,2020-04-20
366,27,10,RI,2020-04-20
366,67,14,SC,2020-04-20
366,69,11,SD,2020-04-20
366,33,14,TN,2020-04-20
366,150,23,TX,2020-04-20
366,45,13,UT,2020-04-20
366,366,10,VT,2020-04-20
366,26,12,VA,2020-04-20
366,366,21,WA,2020-04-20
366,154,15,WV,2020-04-20
366,65,17,WI,2020-04-20
366,366,11,WY,2020-04-20
366,49,13,AL,2020-04-21
366,140,10,AK,2020-04-21
366,53,14,AZ,2020-04-21
366,28,12,AR,2020-04-21
366,31,15,CA,2020-04-21
366,158,15,CO,2020-04-21
366,106,12,CT,2020-04-21
366,29,9,DE,2020-04-21
366,13,3,DC,2020-04-21
366,366,61,FL,2020-04-21
366,366,22,GA,2020-04-21
366,366,14,HI,2020-04-21
366,366,10,ID,2020-04-21
366,33,14,IL,2020-04-21
366,191,16,IN,2020-04-21
366,40,14,IA,2020-04-21
366,22,11,KS,2020-04-21
366,50,16,KY,2020-04-21
366,366,12,LA,2020-04-21
366,203,13,ME,2020-04-21
366,40,11,MD,2020-04-21
366,15,8,MA,2020-04-21
366,33,12,MI,2020-04-21
366,32,14,MN,2020-04-21
366,55,15,MS,2020-04-21
366,366,16,MO,2020-04-21
366,366,15,MT,2020-04-21
366,29,11,NE,2020-04-21
366,366,14,NV,2020-04-21
366,51,11,NH,2020-04-21
366,32,11,NJ,2020-04-21
366,32,10,NM,2020-04-21
366,52,12,NY,2020-04-21
366,74,16,NC,2020-04-21
366,41,12,ND,2020-04-21
366,366,38,OH,2020-04-21
366,100,15,OK,2020-04-21
366,142,12,OR,2020-04-21
366,366,19,PA,2020-04-21
366,26,9,RI,2020-04-21
366,64,12,SC,2020-04-21
366,66,11,SD,2020-04-21
366,32,12,TN,2020-04-21
366,137,19,TX,2020-04-21
366,45,14,UT,2020-04-21
366,366,11,VT,2020-04-21
366,25,11,VA,2020-04-21
366,366,18,WA,2020-04-21
366,165,15,WV,2020-04-21
366,62,14,WI,2020-04-21
366,366,10,WY,2020-04-21
366,48,13,AL,2020-04-22
366,147,10,AK,2020-04-22
366,54,13,AZ,2020-04-22
366,27,12,AR,2020-04-22
366,31,15,CA,2020-04-22
366,200,13,CO,2020-04-22
366,366,11,CT,2020-04-22
366,30,9,DE,2020-04-22
366,13,3,DC,2020-04-22
366,366,38,FL,2020-04-22
366,366,20,GA,2020-04-22
366,366,13,HI,2020-04-22
366,366,10,ID,2020-04-22
366,33,13,IL,2020-04-22
366,174,16,IN,2020-04-22
366,39,14,IA,2020-04-22
366,21,10,KS,2020-04-22
366,49,16,KY,2020-04-22
366,366,12,LA,2020-04-22
366,208,11,ME,2020-04-22
366,37,10,MD,2020-04-22
366,14,8,MA,2020-04-22
366,32,12,MI,2020-04-22
366,31,15,MN,2020-04-22
366,54,15,MS,2020-04-22
366,366,17,MO,2020-04-22
366,366,13,MT,2020-04-22
366,29,11,NE,2020-04-22
366,366,13,NV,2020-04-22
366,49,10,NH,2020-04-22
366,29,9,NJ,2020-04-22
366,31,11,NM,2020-04-22
366,46,10,NY,2020-04-22
366,73,16,NC,2020-04-22
366,40,11,ND,2020-04-22
366,366,29,OH,2020-04-22
366,93,15,OK,2020-04-22
366,152,14,OR,2020-04-22
366,366,16,PA,2020-04-22
366,26,8,RI,2020-04-22
366,67,13,SC,2020-04-22
366,68,10,SD,2020-04-22
366,32,11,TN,2020-04-22
366,157,18,TX,2020-04-22
366,45,12,UT,2020-04-22
366,366,11,VT,2020-04-22
366,24,12,VA,2020-04-22
366,366,17,WA,2020-04-22
366,164,14,WV,2020-04-22
366,63,15,WI,2020-04-22
366,366,11,WY,2020-04-22
366,46,13,AL,2020-04-23
366,151,11,AK,2020-04-23
366,52,12,AZ,2020-04-23
366,27,12,AR,2020-04-23
366,32,15,CA,2020-04-23
366,233,12,CO,2020-04-23
366,366,11,CT,2020-04-23
366,30,8,DE,2020-04-23
366,12,3,DC,2020-04-23
366,366,32,FL,2020-04-23
366,366,19,GA,2020-04-23
366,366,13,HI,2020-04-23
366,366,10,ID,2020-04-23
366,32,12,IL,2020-04-23
366,201,14,IN,2020-04-23
366,40,13,IA,2020-04-23
366,21,10,KS,2020-04-23
366,49,14,KY,2020-04-23
366,366,11,LA,2020-04-23
366,225,12,ME,2020-04-23
366,35,11,MD,2020-04-23
366,14,7,MA,2020-04-23
366,31,11,MI,2020-04-23
366,31,13,MN,2020-04-23
366,52,13,MS,2020-04-23
366,366,16,MO,2020-04-23
366,366,14,MT,2020-04-23
366,27,11,NE,2020-04-23
366,366,12,NV,2020-04-23
366,48,11,NH,2020-04-23
366,29,8,NJ,2020-04-23
366,32,10,NM,2020-04-23
366,45,8,NY,2020-04-23
366,74,15,NC,2020-04-23
366,40,11,ND,2020-04-23
366,366,28,OH,2020-04-23
366,89,13,OK,2020-04-23
366,174,13,OR,2020-04-23
366,366,15,PA,2020-04-23
366,25,8,RI,2020-04-23
366,66,12,SC,2020-04-23
366,72,11,SD,2020-04-23
366,32,11,TN,2020-04-23
366,181,18,TX,2020-04-23
366,42,11,UT,2020-04-23
366,366,10,VT,2020-04-23
366,24,10,VA,2020-04-23
366,366,16,WA,2020-04-23
366,171,12,WV,2020-04-23
366,61,15,WI,2020-04-23
366,366,10,WY,2020-04-23
